,en,fr,prec,rec
0,"this is a dead @-@ end alley .
","この 路地 は 通り抜け でき ま せ ん 。
",0.25,0.25
1,"yes , sorry , i forgot to acknowledge it .
","ええ 、 届 い た の を お 知 らせ する の を 忘れ て しま っ て す み ま せ ん 。
",0.2,0.3
2,"he is a german by origin .
","彼 は ドイツ 生まれ の 人 だ 。
",0.5,0.5714285714285714
3,"we are familiar with the legend of robin hood .
","我々 は ロビン フッド の 伝説 を 良く 知 っ て い る 。
",0.3333333333333333,0.3
4,"is your trunk locked ?
","トランク に は 鍵 が かけ られ て い ま す か 。
",0.125,0.2
5,"i just meant it as a joke .
","それ は 冗談 の つもり で い っ た だけ だ よ 。
",0.14285714285714285,0.125
6,"the room had a nice cozy feel .
","その 部屋 は 居心地 の 良 い 感じ が し た 。
",0.2222222222222222,0.25
7,"she alone is able to use the personal computer .
","パソコン が 使え る の は 彼女 だけ で す 。
",0.3333333333333333,0.3
8,"they agreed on a joint statement .
","彼 ら は 共同 声明 に 同意 し た 。
",0.375,0.42857142857142855
9,"he handed her up into the bus .
","彼 は 彼女 を バス に 助け あげ た 。
",0.375,0.375
10,"whatever faults he may have , meanness is not one of them .
","彼 に どんな 欠点 が あ る に し て も 、 卑劣 な ところ は な い 。
",0.23076923076923078,0.23076923076923078
11,"&quot; will they be open this early in the morning ? &quot; &quot; they &apos;ll let me in on sight . &quot;
","「 こんな 朝 早く から 開館 し て る ん で す か ？ 」 「 私 は 顔 パス よ 」
",0.2,0.18181818181818182
12,"man , too , has been given protective devices against extreme temperatures .
","人間 も 極度 に 寒 い 温度 に 対 し て は 、 防御 装置 を 備え て い る 。
",0.0625,0.07692307692307693
13,"i stopped smoking .
","私 は タバコ を 吸 う の を やめ た 。
",0.2857142857142857,0.5
14,"he struck me in a passion .
","彼 は かっと な っ て 私 を 殴 っ た 。
",0.375,0.42857142857142855
15,"he pulled the rope .
","彼 は ロープ を 引っ張 っ た 。
",0.3333333333333333,0.4
16,"why not apologize and ask for his pardon ?
","どう し て あやま っ て 彼 の 許し を こ わ な い ん だ 。
",0.0,0.0
17,"i suppose they are coming .
","私 は 彼 ら は 来る と 思 う 。
",0.2857142857142857,0.3333333333333333
18,"the house which stands on the hill is very old .
","丘 の 上 に 建 っ て い る 家 は とても 古 い 。
",0.2727272727272727,0.2727272727272727
19,"i arrived there too early .
","私 は 早 く 着 き すぎ た 。
",0.2857142857142857,0.3333333333333333
20,"i would like to repay him for his kindness .
","私 は 彼 の 親切 に こたえ た い 。
",0.375,0.3
21,"the roof was torn off by the gale .
","屋根 は 強風 に 飛ば さ れ た 。
",0.3333333333333333,0.3333333333333333
22,"a boat suddenly appeared out of the mist .
","霧 の 中 から 突然 船 が 現れ た 。
",0.3333333333333333,0.3333333333333333
23,"he would still be alive if he had been wearing his seat belt when the car crashed .
","車 が 衝突 し た とき シート ベルト を し て い た ら 、 彼 は 今 で も 生き て い る だ ろ う 。
",0.2222222222222222,0.2222222222222222
24,"when you get married and have kids , you &apos;ll realize that actions speak louder than words .
","あなた が 結婚 し 子供 を 持 っ た ら 、 言葉 より 実践 と い う こと を 悟 る で しょ う 。
",0.21052631578947367,0.2222222222222222
25,"it leaves nothing much to be desired .
","それ は 遺憾 な ところ が 多 い 。
",0.14285714285714285,0.125
26,"you can &apos;t turn the heat off as long as the system is operating .
","その 装置 が 作動 し て い る 間 は 暖房 を 止め る こと は でき な い 。
",0.36363636363636365,0.26666666666666666
27,"the picnic was called off because of rain .
","ピクニック は 雨 の ため に 中止 に な っ た 。
",0.2,0.2222222222222222
28,"he often stays away from home on the weekend .
","彼 は 週末 に よく 家 を 空け る 。
",0.25,0.2
29,"the german shepherd was limping down the street .
","その シェパード は 、 びっこ を ひ き ながら 道 を 歩 い て い た 。
",0.23076923076923078,0.3333333333333333
30,"bob has too many books to read .
","ボブ は 読 み きれ な い ほど たくさん の 本 を 持 っ て い る 。
",0.2,0.25
31,"he hammered nails into the plank .
","板 に くぎ を 打ち込 ん だ 。
",0.1111111111111111,0.14285714285714285
32,"have you finished your homework already ?
","宿題 は もう 終わ っ た の で す か 。
",0.2857142857142857,0.2857142857142857
33,"that &apos;s about it .
","まず その 辺 で す 。
",0.14285714285714285,0.2
34,"my dream is to take a round @-@ the @-@ world trip .
","夢 は 、 世界 一周 旅行 。
",0.42857142857142855,0.23076923076923078
35,"please take me home tonight .
","今夜 は 家 に つれ て い っ て く れ 。
",0.14285714285714285,0.16666666666666666
36,"i have had to stay in bed for two days .
","２ 日間 ベッド に い な く て は な ら な かっ た 。
",0.3333333333333333,0.2727272727272727
37,"the firemen had the fire out in no time .
","消防 士 は あっ と い う 間 に 火 を 消 し た 。
",0.25,0.3
38,"can i borrow your umbrella ?
","あなた の 傘 を 借り て い い で す か 。
",0.3333333333333333,0.3333333333333333
39,"i will stay home if it rains tomorrow .
","明日 雨降り なら 私 は 家 に い ま す 。
",0.25,0.2222222222222222
40,"she was the last to cross the finishing line .
","彼女 が 最後 に ゴール し た 人 で す 。
",0.5,0.4
41,"nothing is more vivid than a picture .
","写真 ほど 鮮明 な もの は な い 。
",0.25,0.25
42,"tax cuts are often used as a major fiscal tool to stimulate the economy .
","減税 は しばしば 経済 を 刺激 する 重要 な 財政 政策 手段 と し て 使 わ れ る 。
",0.11764705882352941,0.13333333333333333
43,"the bridge crashed under the pressure .
","橋 が 圧力 で 落ち た 。
",0.2857142857142857,0.2857142857142857
44,"i know the facts well enough .
","私 は その 事実 を 十分 よく 知 っ て い る 。
",0.42857142857142855,0.42857142857142855
45,"it won &apos;t be easy to find someone capable of taking his place .
","彼 の 後 を 継 ぐ だけ の 能力 の あ る 人物 を 見つけ る の は 容易 で は な い だ ろ う 。
",0.25,0.2857142857142857
46,"i hurried in order to catch the first train .
","私 は 一 番 列車 に 間に合 う よう に 急 い だ 。
",0.3,0.3
47,"i cannot put up with his idleness any longer .
","私 は もはや 彼 の なまけ を 我慢 出来 な い 。
",0.25,0.2
48,"she resembles her aunt .
","彼女 は 叔母 に 似 て い る 。
",0.42857142857142855,0.6
49,"he earns a good salary .
","彼 は い い 給料 を もら っ て い る 。
",0.5,0.5
50,"the boy singing a song is my brother .
","歌 を 歌 っ て い る 少年 は 私 の 弟 で す 。
",0.3,0.3333333333333333
51,"she was lying face down on the bed .
","彼女 は ベッド の 上 に うつ伏せ に 倒れ て い た 。
",0.3333333333333333,0.3333333333333333
52,"i have an urgent matter to attend to .
","急 い で する 事 が あ る 。
",0.14285714285714285,0.1111111111111111
53,"i had to cancel my trip on account of the strike .
","私 は 、 ストライキ の ため に 、 旅行 を 中止 し な けれ ば な ら な かっ た 。
",0.5384615384615384,0.5833333333333334
54,"everyone is not honest .
","だれ で も が み な 正直 と は 限 ら な い 。
",0.3333333333333333,0.6
55,"if i were in your place , i would lend him a hand .
","もし 私 が 君 の 立場 なら 、 彼 を 手伝 っ て や る だ ろ う に 。
",0.23076923076923078,0.21428571428571427
56,"you should cultivate the habit of getting up early .
","早起き の 習慣 を 養 う よう に し なさ い 。
",0.2222222222222222,0.2
57,"i will never forget seeing you .
","君 に 会 っ た こと を 私 は 決して 忘れ ま せ ん 。
",0.3,0.42857142857142855
58,"have you ever been to canada ?
","カナダ へ 行 っ た こと が あ り ま す か 。
",0.2857142857142857,0.2857142857142857
59,"the front of the bus was not crowded .
","バス の 前 の ほう は す い て い た 。
",0.3333333333333333,0.3333333333333333
60,"he was welcomed wherever he went .
","彼 は 出かけ た 先々 で 歓迎 さ れ た 。
",0.3333333333333333,0.42857142857142855
61,"he sometimes forgets what he was talking about .
","彼 は 自分 が 何 を 話 し て い る か を 時々 忘れ て しま う 。
",0.3,0.3333333333333333
62,"she is in no humor for task .
","彼女 は その 仕事 を する 気分 で は な い 。
",0.3333333333333333,0.375
63,"i like baseball .
","私 は 野球 が 好き だ 。
",0.6,0.75
64,"no person by that name is listed in the register of the school .
","その 名 の 人 は 学籍 簿 に 載 っ て ま せ ん 。
",0.3,0.21428571428571427
65,"if the harvest gets any worse , there could be a famine .
","収穫 が もっと 悪 く な れ ば 、 飢饉 が 起こ る か も 知れ な い 。
",0.2,0.23076923076923078
66,"father went red with anger when i behaved rudely towards him .
","父 は 私 が 彼 に 対 し て 失礼 な 言動 を と っ た とき 、 怒り で 顔 が 真っ赤 に な っ た 。
",0.23076923076923078,0.25
67,"he was standing at the top of the mountain .
","彼 は 山 の 頂上 に 立 っ て い ま し た 。
",0.42857142857142855,0.3
68,"we all like cycling .
","私 たち みんな 自転 車 に 乗 る の が 好き で す 。
",0.375,0.6
69,"babies often fall down .
","赤ん坊 は よく 転 ぶ 。
",0.14285714285714285,0.2
70,"the question was too difficult to answer .
","その 質問 は 難し すぎ て 答え られ な かっ た 。
",0.3,0.375
71,"she looks like a teacher .
","彼女 は 教師 の よう に 見え る 。
",0.2857142857142857,0.3333333333333333
72,"&quot; weren &apos;t you there ? &quot; asked mr jordan .
","ジョーダン さん は 「 授業 に 出 て い な かっ た の で す か 」 と たずね た 。
",0.0,0.0
73,"&quot; anything else ? &quot; &quot; no , that &apos;s all . &quot;
","「 ほか に 何 か 要 り ま す か 」 「 それ だけ で 結構 で す 」
",0.16666666666666666,0.15384615384615385
74,"worry affected his health .
","気 苦労 が 彼 の 体 に 響 い た 。
",0.2222222222222222,0.4
75,"he explained it at length .
","彼 は それ を 詳し く 説明 し だ し た 。
",0.5,0.5
76,"&quot; cheer up , &quot; she said to me .
","「 元気 を 出 し なさ い 」 と 彼女 は 私 に 言 い ま し た 。
",0.16666666666666666,0.2
77,"i &apos;m not really familiar with computers .
","本当 を 言 う と 、 コンピューター に は 詳し く な い の で す 。
",0.09090909090909091,0.125
78,"i want to chill the wine more .
","ワイン を もっと 冷や し た い 。
",0.25,0.25
79,"she is in a temper , because she missed her usual train in the subway and had to walk to work .
","彼女 は 機嫌 が 悪 い と い う の も 、 いつ も 地下 鉄 に 乗 り 遅れ 仕事 場 まで 歩 く 羽目 に な っ た から だ 。
",0.3,0.2727272727272727
80,"it said rain from this evening .
","夕方 から 雨 だ って い っ て い た よ 。
",0.1111111111111111,0.14285714285714285
81,"by tomorrow morning all the world will have been covered with snow .
","あす の 朝 まで に は 一面 の 銀 世界 に な っ て い る だ ろ う 。
",0.14285714285714285,0.15384615384615385
82,"had i known it , i would have told you .
","知 っ て い れ ば 教え て あげ た ん だ けど 。
",0.4,0.36363636363636365
83,"ignorance is bliss .
","無知 は 幸福 。
",0.3333333333333333,0.5
84,"what a waste of your lawyer qualifications !
","せっかく 弁護 士 の 資格 が あ る の に もったい な い 。
",0.1,0.125
85,"make the best of your small income .
","少な い 収入 を でき る 限り いか し た い 。
",0.16666666666666666,0.25
86,"may i call on you some day ?
","いつ か あなた を 訪問 し て も い い で す か 。
",0.42857142857142855,0.375
87,"i didn &apos;t know whether to stay here or go to london .
","私 は ここ に とどま る べ き か ロンドン へ 行 く べ き か 分か ら な かっ た 。
",0.2857142857142857,0.3076923076923077
88,"dan is often scolded by his mother .
","ダン は よく お 母 さん に しか ら れ る 。
",0.1111111111111111,0.125
89,"george is quite talkative .
","ジョージ は とても 話 好き だ 。
",0.14285714285714285,0.2
90,"there are cases where the system doesn &apos;t go .
","システム が 作動 し な い 場合 が あ る 。
",0.2222222222222222,0.2
91,"she goes to the movies once a week .
","彼女 は 毎週 １ 回 映画 を 見 に 行 く 。
",0.36363636363636365,0.4444444444444444
92,"he is fine and gentle .
","彼 は とって も やさし い よ 。
",0.375,0.5
93,"i am almost 180 centimeters tall .
","私 は ほとんど １８０ センチ で す 。
",0.25,0.2857142857142857
94,"he resembles his mother .
","彼 は 母親 に 似 て い る 。
",0.42857142857142855,0.6
95,"tokyo is by far the largest city in japan .
","東京 は だんぜん 日本 で 一番 大き い 都市 で す 。
",0.3,0.3
96,"if you wish to get on in the world , you must not shrink from effort .
","出世 し た い の なら 、 努力 を おそれ て は な ら な い 。
",0.4166666666666667,0.29411764705882354
97,"&quot; it &apos;s still shallow , eh . my feet still touch the bottom . &quot; &quot; it &apos;s quite a shallow beach . yotsuba , you can still touch the bottom can &apos;t you ? &quot;
","「 まだ 浅 い ね 。 足 とど く 」 「 結構 遠浅 だ な 。 よ つば も まだ 足 つ く だ ろ 」
",0.35,0.1891891891891892
98,"my grandfather hopes that i will enter college .
","私 の お じい ちゃん は 私 が 大学 に 行 く こと を 望 ん で い る 。
",0.16666666666666666,0.2222222222222222
99,"it &apos;s easy to lose track of time when you are in las vegas .
","ラスベガス が い る と 時間 が 経 つ の を 忘れ る 。
",0.1,0.06666666666666667
100,"he glared at me fiercely .
","彼 は 非常 な 剣幕 で 私 を にらみ付け た 。
",0.25,0.3333333333333333
101,"a fence between makes love more keen .
","間 の 垣根 が 恋 を いっそう 燃え立 た せ る 。
",0.1111111111111111,0.125
102,"caroline knows better than to spend all her money on clothes .
","キャロライン は すべて の お 金 を 洋服 に 使 う ほど 愚か で は な い 。
",0.14285714285714285,0.16666666666666666
103,"he has just been appointed the u.s. ambassador to japan .
","彼 は 駐日 アメリカ 大使 に 命 じ られ た ばかり で す 。
",0.3,0.2727272727272727
104,"she married to the kind of man you would expect her to pick .
","彼女 なら 当然 選 び そう な 人 と 彼女 は 結婚 し た 。
",0.36363636363636365,0.2857142857142857
105,"i met my friend on the street .
","昨日 通り で 友人 に 会 っ た 。
",0.375,0.375
106,"liquor will have an effect on a person .
","お 酒 を 飲 む と 影響 が 出 る もの だ 。
",0.18181818181818182,0.2222222222222222
107,"i believe in you .
","君 を 信頼 し て い る 。
",0.3333333333333333,0.4
108,"our train went at 200 kilometers an hour .
","我々 の 列車 は 時速 ２００ キロ で 走 っ た 。
",0.2222222222222222,0.2222222222222222
109,"we are crying .
","私 たち は 泣 い て い る の 。
",0.5,0.75
110,"she caught her breath .
","彼女 は 息 を 飲 ん だ 。
",0.5,0.6
111,"you must not smoke till you grow up .
","君 たち は 大人 に な る まで タバコ を 吸 っ て は いけ な い 。
",0.4444444444444444,0.4444444444444444
112,"he tapered off to one cigarette a day .
","彼 は たばこ を 一 日 一 本 に 減ら し て い っ た 。
",0.2222222222222222,0.2222222222222222
113,"your daughter &apos;s on drugs .
","貴殿 の 娘 さん は 麻薬 漬け で す 。
",0.1111111111111111,0.16666666666666666
114,"let &apos;s put her in charge of that .
","彼女 を その 任務 に 就け よう 。
",0.1111111111111111,0.1111111111111111
115,"a travel agent arranged everything for our trip .
","ある 旅行 会社 が 我々 の 旅行 の 手配 を 全部 し て くれ た 。
",0.14285714285714285,0.2222222222222222
116,"she may well be proud of her son .
","彼女 が 息子 を 自慢 する の も もっとも だ 。
",0.3,0.3333333333333333
117,"the pain shoots into my right leg .
","痛み が 右脚 に 走 り ま す 。
",0.14285714285714285,0.125
118,"the list of participants is as follows .
","参加 者 の リスト は 次 の とおり で す 。
",0.3333333333333333,0.375
119,"she will often go shopping on holidays .
","彼女 は 休日 に な る と よく 買い物 に 行 き ま す 。
",0.36363636363636365,0.5
120,"i spent all yesterday afternoon cleaning my room .
","昨日 の 午後 は ずっと 、 私 の 部屋 を 掃除 する の に 費や し た 。
",0.13333333333333333,0.2222222222222222
121,"something is always going wrong with the machine .
","その 機械 は いつ も どこ か 故障 ばかり し て い る 。
",0.5,0.4444444444444444
122,"please check if the meat is being roasted at the right heat .
","焼き肉 の 火 加減 を 見 なさ い 。
",0.1111111111111111,0.07692307692307693
123,"i asked her to marry me and she accepted .
","彼女 に 結婚 し て くれ な い か と 言 っ たら 彼女 は 承知 し て くれ た 。
",0.26666666666666666,0.4
124,"would you be kind enough to tell me the truth ?
","本当 の こと を おっしゃ っ て いただけ ま せ ん か 。
",0.2857142857142857,0.18181818181818182
125,"his father breathed his last this morning .
","彼 の 父 は 今朝 息 を 引き取 り ま し た 。
",0.5,0.5
126,"she tried to commit suicide .
","彼女 は 自殺 を し よう と し た 。
",0.2857142857142857,0.3333333333333333
127,"he lost his way in the woods .
","彼 は 森 で 迷 っ た 。
",0.5714285714285714,0.5
128,"if my wife calls , just tell her i &apos;m in an important meeting and cannot be disturbed .
","妻 が 電話 し て き た ら 、 私 は 重要 な 会議 中 で 出 られ な い と 言 っ て くださ い 。
",0.15,0.15789473684210525
129,"we often eat foods which are harmful to our health without knowing it .
","私 たち は 健康 に 有害 な 食品 を 知 ら ず に 食べ て い る 事 が よく あ る 。
",0.2,0.14285714285714285
130,"i don &apos;t know how to cook too many things .
","料理 の レパートリー は 限 ら れ て る の 。
",0.125,0.09090909090909091
131,"what heading does this book come under ?
","この 本 は 何 の 項目 に 入 り ま す か 。
",0.3333333333333333,0.375
132,"he finally made up his mind to marry the girl he had met in paris .
","彼 は パリ 出会 っ た 女性 と 結婚 する 決心 を し た 。
",0.36363636363636365,0.25
133,"he bothered her with questions .
","彼 は 彼女 に うるさ く 質問 し て 困 ら せ た 。
",0.3,0.5
134,"can you direct me to the nearest subway station ?
","最寄り の 地下 鉄 へ 行 く 道 を 教え て くれ ま せ ん か 。
",0.4166666666666667,0.5
135,"after all is said and done , he was a first @-@ rate novelist .
","彼 は 結局 は 一流 の 小説 家 で あ っ た 。
",0.36363636363636365,0.26666666666666666
136,"drivers must observe the traffic rules .
","運転 者 は 交通 規則 を 守 ら ね ば な ら な い 。
",0.2222222222222222,0.2857142857142857
137,"he is not so much a politician as a merchant .
","彼 は 政治 家 と い う より も むしろ 商人 だ 。
",0.45454545454545453,0.45454545454545453
138,"he acceded to my proposal .
","彼 は 私 の 提案 に 同意 し た 。
",0.2857142857142857,0.3333333333333333
139,"don &apos;t press your opinion on me .
","自分 の 考え を 僕 に 押しつけ る な 。
",0.375,0.375
140,"he played tennis .
","彼 は テニス を し た 。
",0.3333333333333333,0.5
141,"back into the hole where i was born .
","薄汚 い 生まれ た 故郷 の 街 に 戻 っ て き た 。
",0.3333333333333333,0.4444444444444444
142,"the car ran into a guardrail .
","車 は ガードレール に 衝突 し た 。
",0.25,0.2857142857142857
143,"there are enough accidents without asking for one .
","注意 し て い て も 事故 は いろいろ 起き て い ま す から ね 。
",0.07142857142857142,0.1111111111111111
144,"neither of his students passed the exam .
","彼 の 教え子 の 中 で その 試験 に 合格 し た 者 は い な かっ た 。
",0.25,0.375
145,"my tape recorder is compatible with your amplifier .
","私 の テープ レコーダー は 君 の アンプ に も つなげ られ る 。
",0.18181818181818182,0.2222222222222222
146,"he was injured in a railway accident .
","彼 は 列車 事故 で けが を し た 。
",0.4444444444444444,0.5
147,"the batter struck out swinging .
","バッター は 空振り の 三振 を し た 。
",0.2222222222222222,0.3333333333333333
148,"death is certain to all , all shall die .
","死 は 万 人 に 来る べ き もの 、 すべて 人 は 死 す べ き もの な り 。
",0.3076923076923077,0.4
149,"i really enjoyed myself tonight .
","今日 は 楽し かっ た 。
",0.2857142857142857,0.3333333333333333
150,"i had written the letter when he came .
","彼 が 来 た とき は 私 は その 手紙 を 書 き 終え て い た 。
",0.18181818181818182,0.2222222222222222
151,"then , at last , the policeman lowered his arm .
","そして 、 ようやく その 警官 は 腕 を 下げ た 。
",0.18181818181818182,0.18181818181818182
152,"we kept on working for hours without eating anything .
","我々 は 何 も 食べ ず に 何 時間 も 働 き 続け た 。
",0.2222222222222222,0.2
153,"we talked over our problems .
","私 達 は 、 自ら の 問題 に つ い て 話し合 っ た 。
",0.2222222222222222,0.3333333333333333
154,"we had a very vigorous debate .
","私 たち は とても 活発 な 討論 を し た 。
",0.375,0.42857142857142855
155,"i prefer spring to fall .
","秋 より 春 の ほう が 好き だ 。
",0.375,0.5
156,"it is too far to go on foot from here to the hotel . better take a taxi .
","ここ から ホテル まで 徒歩 で 行 く に は 遠 すぎ ま す 。 タクシー に お 乗 り なさ い 。
",0.3333333333333333,0.2631578947368421
157,"everyone always speaks well of tony .
","みんな いつ も トニー を ほめ る 。
",0.14285714285714285,0.14285714285714285
158,"all of these abilities are passed on to us by genetic transmission ; we receive them by way of the genes that we inherit from our parents .
","後者 の 能力 は すべて 遺伝 に よ っ て 私 達 に 伝え られ る 。 つまり 、 親 から 受け つ ぐ 遺伝 子 を 通 し て 私 たち は そう し た 能力 を 受け取 る の で あ る 。
",0.1,0.07142857142857142
159,"in other words , i don &apos;t like to work with him .
","言い換え れ ば 、 私 は 彼 と 働 き た く な い 。
",0.36363636363636365,0.3076923076923077
160,"mike managed to carry the suitcase by himself .
","マイク は なん と か その スーツケース を 一人 で 運 ん だ 。
",0.2,0.2222222222222222
161,"we need the receipt mr smith signed .
","私 たち は スミス さん が サイン し た 領収 書 が 必要 で す 。
",0.25,0.375
162,"they invited me to play cards .
","彼 等 は トランプ を し な い か と 私 を 誘 っ て くれ た 。
",0.25,0.42857142857142855
163,"the sort of information we need is not always available .
","私 たち が 必要 と する 情報 は 必ず しも 手 に 入 ら な い 。
",0.18181818181818182,0.18181818181818182
164,"i helped an old lady across .
","老 婦人 が 渡 る の を 助け た 。
",0.2857142857142857,0.2857142857142857
165,"somehow , all those reasons sound rather far fetched .
","何 か 、 全部 、 こじつけ って 感じ が する ん だ けど ・ ・ ・ 。
",0.15384615384615385,0.2
166,"i entrusted my property to him .
","彼 に 財産 管理 を 任せ た 。
",0.2857142857142857,0.2857142857142857
167,"we must take into account the wishes of all the family in planning a trip .
","旅行 を 計画 する 場合 は 、 家族 全員 の 希望 を 考慮 す べ き だ 。
",0.17647058823529413,0.1875
168,"he dropped out when he was in the 7th grade .
","彼 は 中一 の 時 学校 に 来 な く な っ た 。
",0.3333333333333333,0.2727272727272727
169,"christmas is a good time to market new toys .
","クリスマス は 新し い おもちゃ を うりだ す い い 機会 だ 。
",0.3333333333333333,0.3
170,"i have been writing letters all morning .
","私 は 午前 中 ずっと 手紙 を 書 い て い ま し た 。
",0.2222222222222222,0.25
171,"the hotel is at the foot of a mountain .
","その ホテル は 山 の ふもと に あ り ま す 。
",0.4444444444444444,0.4
172,"i &apos;m putting up with him tomorrow .
","明日 は 彼 の ところ に 泊ま る つもり だ 。
",0.3333333333333333,0.375
173,"twenty @-@ five years from now there will be one retired person for each two working .
","今 から ２５ 年 後 に は 、 就業 者 ２人 に つ き 退職 者 １人 の 割合 に な る だ ろ う 。
",0.21428571428571427,0.17647058823529413
174,"she seems to have been happy .
","彼女 は 幸せ で あ っ た よう だ 。
",0.25,0.2857142857142857
175,"the main crop of japan is rice .
","日本 の 主要 作物 は 米 で あ る 。
",0.3333333333333333,0.375
176,"everyone , whether an actual or potential patient .
","患者 と 名 の つく すべて の 人 。
",0.1111111111111111,0.1111111111111111
177,"who am i ?
","私 は 誰 な の だ ろ う か 。
",0.4,0.5
178,"i &apos;ll be waiting for you at the usual place .
","いつ も の 場所 で 待 っ て い ま す 。
",0.25,0.18181818181818182
179,"the village is connected with our town by a bridge .
","その 村 と 我々 の 町 は 橋 で つなが っ て い ま す 。
",0.3,0.2727272727272727
180,"warning - 18 + only .
","十 八 禁 な の で 要 注意 ！
",0.14285714285714285,0.16666666666666666
181,"i am leaving for the united states tomorrow .
","私 は 明日 アメリカ へ 出発 する 予定 で す 。
",0.2,0.2222222222222222
182,"greek is difficult to learn .
","ギリシャ 語 は 覚え にく い 。
",0.125,0.16666666666666666
183,"i would like to go to austria in order to study music .
","私 は 音楽 の 勉強 に オーストリア へ 行 き た い 。
",0.5555555555555556,0.38461538461538464
184,"i received my bonus .
","ボーナス を もら っ た 。
",0.2857142857142857,0.4
185,"i like the way she laughs at my jokes .
","私 は 私 の ジョーク を 聞 い て 笑 う 時 の 彼女 が 好き だ 。
",0.4,0.4
186,"i heard my name called from behind me .
","自分 の 名前 が 後ろ から 呼 ば れ る の が きこえ た 。
",0.18181818181818182,0.2222222222222222
187,"she has an eye for the beautiful .
","彼女 は 審美 眼 を 持 っ て い る 。
",0.42857142857142855,0.375
188,"the big ugly tree destroys the beauty of the house .
","その 大きな 醜 い 木 が その 家 の 美観 を 損ね て い る 。
",0.3333333333333333,0.36363636363636365
189,"she fell ill a week ago .
","彼女 は １ 週間 前 に 病気 に な っ た 。
",0.2727272727272727,0.42857142857142855
190,"he is a frank person and easy to talk to .
","彼 は ざっくばらん な 人柄 な の で 話 し やす い 。
",0.4,0.36363636363636365
191,"the garden is railed off from the path .
","庭 は 柵 で 小道 と 仕切 ら れ て い る 。
",0.3,0.3333333333333333
192,"i would like your picture .
","君 の 写真 が 欲し い の で す が 。
",0.375,0.5
193,"he has every reason to quit his job .
","彼 が 仕事 を 辞め る の も もっとも だ 。
",0.4,0.4444444444444444
194,"put the book where you found it .
","その 本 を もと あ っ た 所 へ 置 き なさ い 。
",0.3,0.375
195,"i never see this picture without being reminded of my childhood .
","この 写真 を 見 る と 、 私 は 必ず 子供 の ころ を 思い出 す 。
",0.2,0.25
196,"is this the right way to yokohama station ?
","横浜 駅 へ 行 く の に は この 道 で い い の で す か 。
",0.3,0.3333333333333333
197,"he fell and broke his arm while he was skiing .
","彼 は スキー を し て い る とき に 、 転 ん で 腕 を 折 っ た 。
",0.25,0.2727272727272727
198,"she gave me a look at her new car .
","彼女 は 新車 を 見せ て くれ た 。
",0.5714285714285714,0.4
199,"i &apos;d like to have mustard on the side .
","マスタード を 別 に 持 っ て き て くださ い 。
",0.125,0.1
200,"come what may , i &apos;m ready for it .
","何 が 起こ ろ う と も 、 その 覚悟 は でき て い ま す 。
",0.18181818181818182,0.2
201,"he has been in hokkaido before .
","彼 は 北海道 に い た こと が あ る 。
",0.3333333333333333,0.2857142857142857
202,"his face and attitude showed the scorn he felt .
","彼 の 顔つき や 態度 に は 軽蔑 の 気持ち が 表れ て い た 。
",0.2,0.2
203,"except for bill , they were all in time .
","ビル 以外 は みな 間に合 っ た 。
",0.125,0.1
204,"parents are usually concerned about their children &apos;s future .
","たいてい の 親 は 自分 の 子供 の 将来 が 気 に な る もの で す 。
",0.09090909090909091,0.1
205,"you know i can &apos;t .
","そんな 事 でき な い の あなた 知 っ て で しょ う 。
",0.4444444444444444,0.6666666666666666
206,"one day , the police raided a whole group of prostitutes , and the girl was among them .
","ある 日 の こと 、 警察 が 娼婦 の 集団 を 手入れ し た 。 少女 も その 集団 の 一員 だっ た 。
",0.15,0.15789473684210525
207,"where do you come from ?
","どちら の ご 出身 で す か ？
",0.42857142857142855,0.5
208,"that altered the aspect of the case .
","それ で 形勢 が 変わ っ た 。
",0.125,0.125
209,"i &apos;ve got a bit of an ache in my back .
","私 は 背中 が 少し 痛 い 。
",0.42857142857142855,0.25
210,"my father &apos;s success counts for nothing to me .
","父 の 成功 は 私 に 何 の 価値 も 無 い 。
",0.4444444444444444,0.4
211,"i have a picture of an airport .
","私 は 空港 の 写真 を 持 っ て い ま す 。
",0.5,0.5
212,"what do you intend to do ?
","君 は 何 を する つもり な の 。
",0.2857142857142857,0.2857142857142857
213,"this is as long as that .
","これ と あれ は 同じ 長 さ で す 。
",0.375,0.42857142857142855
214,"i read fifty pages further .
","私 は 更 に ５０ ページ 読 ん だ 。
",0.25,0.3333333333333333
215,"his misspelling of that word eliminated him from the contest .
","その 語 の 綴り を 間違 っ て 、 彼 は コンテスト に 失格 し た 。
",0.23076923076923078,0.2727272727272727
216,"math is the last subject that i want to study .
","数学 は 私 が 最も 勉強 し た く な い 教科 で す 。
",0.3333333333333333,0.36363636363636365
217,"he has acted wisely .
","彼 は 賢明 に 行動 し た 。
",0.2857142857142857,0.4
218,"i want to surprise him .
","私 は 彼 を あっ と 言 わ せ て や り た い 。
",0.3,0.5
219,"you shouldn &apos;t eat anything cold .
","冷た い 食事 は 、 避け て くださ い 。
",0.125,0.14285714285714285
220,"he couldn &apos;t help laughing at it .
","彼 は それ を 笑 わ ず に い られ な かっ た 。
",0.25,0.25
221,"quit lazing around and get moving !
","グズグズ し て な い で さっさと 行動 しろ ！
",0.0,0.0
222,"japanese companies have set up factories on every continent , and japanese banks help finance many of the world &apos;s major economic programs .
","日本 企業 は 全て の 大陸 に 工場 を 設立 し て い る し 、 日本 の 銀行 は 世界 の 主要 な 経済 計画 の 大国 財政 的 な 援助 を し て い る 。
",0.1,0.08333333333333333
223,"at last , we were home !
","やっと 帰 っ て き た ぞ ！
",0.0,0.0
224,"in spring everything looks bright .
","春 に は すべて の もの が 明る く 見え る 。
",0.2,0.3333333333333333
225,"miyuki has a camera , but she doesn &apos;t like it .
","美由紀 は カメラ を 持 っ て い る 、 しかし 彼女 は それ が 好き で な い 。
",0.14285714285714285,0.16666666666666666
226,"where &apos;s the nearest pharmacy ?
","ここ から 一番 近 い 薬局 は どこ で す か 。
",0.125,0.16666666666666666
227,"that &apos;s beside the point .
","それ は 的外れ だ 。
",0.3333333333333333,0.3333333333333333
228,"how long have you been waiting for the bus ?
","バス を どの くらい お 待 ち で す か 。
",0.4444444444444444,0.4
229,"he burst into tears .
","彼 は 突然 わっと 泣 き 出 し た 。
",0.2222222222222222,0.4
230,"thomas could not carry out his task on account of an accident .
","トーマス は 事故 の ため に 仕事 を やり遂げ られ な かっ た 。
",0.18181818181818182,0.15384615384615385
231,"he stood apart from us .
","彼 は 我々 から 離れ て 立 っ た 。
",0.42857142857142855,0.5
232,"he doesn &apos;t travel much apart from occasional business trips .
","彼 は 時々 出張 する こと は 別 と し て あまり 旅 を し な い 。
",0.16666666666666666,0.18181818181818182
233,"he seemed worried about his health .
","彼 は 体 を 心配 し て い る 様子 だっ た 。
",0.375,0.42857142857142855
234,"she read the letter with her heart beating fast .
","彼女 は 胸 を どきどき さ せ て 、 その 手紙 を 読 ん だ 。
",0.23076923076923078,0.3
235,"i &apos;m glad to meet you , too , mr ito .
","私 も 伊藤 さん に お 目 に かか れ て 光栄 で す 。
",0.4,0.3333333333333333
236,"he whispered slyly to me .
","彼 は こっそり ささや い た 。
",0.2857142857142857,0.3333333333333333
237,"i have faith in your ability to do the right thing .
","あなた は 正し い こと が でき る と 信 じ て い ま す 。
",0.2857142857142857,0.16666666666666666
238,"i was surprised at you and your brother appearing on tv .
","私 は 君 たち 兄弟 が テレビ に 出 て い て ビックリ し た 。
",0.3,0.25
239,"will you excuse me for just a moment ?
","ちょっと 失礼 し て よ い で しょ う か 。
",0.2222222222222222,0.2222222222222222
240,"go ahead with your story .
","どうぞ 話 を 続け て 下さ い 。
",0.16666666666666666,0.16666666666666666
241,"they attributed the low death rate of infants to the progress of medicine .
","彼 ら は 幼児 の 死亡 率 の 低 さ は 医学 の 進歩 の ゆえ と 考え た 。
",0.46153846153846156,0.42857142857142855
242,"excessive drinking is destructive of our health .
","深酒 は 体 に よ く な い 。
",0.25,0.25
243,"he is at home in american literature .
","彼 は 米 文学 に 精通 し て い る 。
",0.3333333333333333,0.375
244,"people used to laugh at him behind his back .
","人々 は 陰 で 彼 を 嘲笑 し た もの だっ た 。
",0.2222222222222222,0.2
245,"the men have been shorn of their power .
","彼 ら は 権限 を 剥奪 さ れ た 。
",0.14285714285714285,0.1111111111111111
246,"my tongue failed me .
","私 は 口 が きけ な かっ た 。
",0.14285714285714285,0.2
247,"are you referring to me ?
","君 は 僕 の こと を 言 っ て い る の か 。
",0.2857142857142857,0.3333333333333333
248,"there was a murmur when she entered the room .
","彼女 が 部屋 に は い っ た とき 、 ささやき が 聞こえ た 。
",0.25,0.3
249,"this is longer than any other bridge in the world .
","これ は 世界 の どの 橋 より も 長 い 。
",0.3333333333333333,0.2727272727272727
250,"we agreed among ourselves .
","我々 は お 互い に 意見 が 一致 し た 。
",0.25,0.4
251,"i don &apos;t know which is which .
","どっち が どっち な の か 分か ら な い 。
",0.3333333333333333,0.375
252,"patty is a smart student .
","パティー は 利口 な 学生 だ 。
",0.2857142857142857,0.3333333333333333
253,"christi &apos;s mysteries are most decidedly interesting .
","クリスティー の 推理 小説 は 断然 面白 い 。
",0.1111111111111111,0.125
254,"we had much rain last year .
","昨年 は 雨 が 多 かっ た 。
",0.125,0.14285714285714285
255,"did you feel the earth shake last night ?
","ゆうべ 地震 を かん じ ま し た か 。
",0.375,0.3333333333333333
256,"i really feel for you .
","気持ち は よく 分か る よ 。
",0.25,0.3333333333333333
257,"he is too tall to stand straight in this room .
","彼 は 背 が 高 すぎ て 、 この 部屋 で は まっすぐ に 立て な い 。
",0.2857142857142857,0.36363636363636365
258,"keisuke has always studied in this mansion . that style known as &apos; home schooling &apos; , right ?
","啓介 さん は 、 この お 屋敷 で 、 ずっと お 勉強 し て い る ん で す 。 いわゆる ホーム スクーリング と い う 形 で す ね 。
",0.1,0.10526315789473684
259,"the hound was in full chase of the bear .
","猟犬 は 熊 を 必死 に な っ て 追いかけ て い た 。
",0.4444444444444444,0.4
260,"people love to inspect each other &apos;s houses .
","人 は 互い の 家 を 詳し く 調べ る の が 大好き だ 。
",0.09090909090909091,0.1111111111111111
261,"i made efforts to improve my grades .
","私 は 成績 を 上げ る よう 努力 し た 。
",0.4444444444444444,0.5
262,"he laughed off his own bad reputation .
","彼 は 自分 の 悪評 を 一笑 に 付 し た 。
",0.375,0.375
263,"he told me a long story .
","彼 は 私 に 長 い 物語 を 話 し て くれ た 。
",0.3333333333333333,0.42857142857142855
264,"as long as it doesn &apos;t get cold , it &apos;s okay .
","寒 く な り さえ し な けれ ば い い の で す 。
",0.2222222222222222,0.15384615384615385
265,"i am acquainted with the custom .
","私 は その しきたり を よく 知 っ て い る 。
",0.5,0.5714285714285714
266,"the boy could not so much as write his own name .
","その 少年 は 自分 の 名前 さえ 書 く こと が でき な かっ た 。
",0.3,0.25
267,"nowadays many people live to be over seventy years old .
","今日 で は ７０ 歳 以上 まで 生き る 人 は 多 い 。
",0.07142857142857142,0.09090909090909091
268,"her beautiful dress drew my attention .
","彼女 の 美し い 服 が 私 の 注意 を 引 い た 。
",0.25,0.2857142857142857
269,"we shall start after breakfast .
","朝食 後 、 出発 し ま しょ う 。
",0.14285714285714285,0.16666666666666666
270,"at times i feel like quitting my job .
","私 は ときどき 仕事 を やめ た い 気 が する 。
",0.2222222222222222,0.2222222222222222
271,"how did it come out ?
","結果 は どう な り ま し た か 。
",0.5,0.5
272,"you are trusted by every one of us .
","あなた は 私 たち の 誰 から も 信頼 さ れ て い る 。
",0.3333333333333333,0.3333333333333333
273,"the report revealed that many teenagers are alcoholics .
","その 報告 書 から １０ 代 の 多く の 子供 が アルコール 中毒 に かか っ て い る こと が 分か っ た 。
",0.1111111111111111,0.2222222222222222
274,"he flew to chicago , where he happened to see a friend .
","彼 は シカゴ に 飛 ん だ 。 そして そこ で たまたま あ る 友人 に 会 っ た 。
",0.2857142857142857,0.3076923076923077
275,"please leave me alone .
","私 を 一人 に し て お い て くださ い 。
",0.42857142857142855,0.6
276,"tamori was born in 1945 , that is , when world war ii ended .
","田森 は 、 １９４５ 年 すなわち 第 二 次 世界 大戦 が 終わ っ た 年 に 生まれ た 。
",0.1111111111111111,0.13333333333333333
277,"beware of thefts in a big city .
","都会 で は 泥棒 に 気 を つけ な さ い 。
",0.25,0.25
278,"he easily gets angry at trivial things .
","彼 は ちょっと し た こと で すぐ 怒 る 。
",0.2222222222222222,0.25
279,"he walked all the way home .
","彼 は 、 家 まで ずっと 歩 い た 。
",0.2222222222222222,0.2857142857142857
280,"her kind action strongly impressed me .
","彼女 の 親切 な 行為 に 私 は 強 く 心 を 動か さ れ た 。
",0.25,0.2857142857142857
281,"women ought to be as glad to be women as men are to be men .
","女 は 女 で あ る こと を 、 男 が 男 で あ る こと を 喜 ぶ よう に 喜 ぶ べ き で あ る 。
",0.2857142857142857,0.25
282,"it will be ready soon .
","すぐ に 出来 ま す 。
",0.25,0.3333333333333333
283,"by the time you come back , i &apos;ll be gone .
","きみ が もど っ て 来る ころ に は 、 ぼく は 出かけ て しま っ て い る よ 。
",0.25,0.25
284,"the last time i went to china , i visited shanghai .
","この 前 中国 へ 行 っ た とき 、 上海 を 訪れ た 。
",0.3076923076923077,0.3333333333333333
285,"we must wait for a few weeks to see the lilacs .
","ライラック の 花 を 見 る に は ２、３ 週間 待 た ね ば な ら な い 。
",0.3333333333333333,0.3333333333333333
286,"it began to dawn .
","夜 が 明け 始め た 。
",0.14285714285714285,0.2
287,"democracy will be victorious in the long run .
","けっきょく 、 民主 主義 が 勝利 を 得 る だ ろ う 。
",0.2727272727272727,0.3333333333333333
288,"the two countries negotiated a treaty .
","両国 は 条約 を 取り決め た 。
",0.25,0.2857142857142857
289,"i don &apos;t feel like eating now .
","私 は 今 食べ る 気 に な ら な い 。
",0.42857142857142855,0.375
290,"is there anything else you want me to do ?
","何 か 他 に 僕 に し て 欲し い こと は な い で す か 。
",0.25,0.2
291,"he has collected twice as many stamps as i have .
","彼 は 切手 を 私 の 二 倍 集め て い る 。
",0.2,0.18181818181818182
292,"later , chris felt ashamed and apologized and beth forgave him .
","後 に な っ て 、 クリス は 自分 の 行い を 恥ずかし く 思 い 、 彼女 に 謝 る と 、 ベス は 彼 を 許 し て くれ ま し た 。
",0.1,0.16666666666666666
293,"you should on no account cheat in the exam .
","決して カンニング を し て は いけ ま せ ん 。
",0.125,0.1
294,"the boy lay listening to the radio .
","少年 は ラジオ を 聞き ながら 横 に な っ て い た 。
",0.3333333333333333,0.375
295,"how long is the rainbow bridge ?
","レインボウ ブリッジ の 長 さ は どの くらい で す か 。
",0.125,0.14285714285714285
296,"he is too dumb to fear danger .
","あいつ は 馬鹿 だ から 、 怖 い も の 知 ら ず だ 。
",0.16666666666666666,0.25
297,"she forced me to go out with her .
","彼女 は 強制 的 に 私 を 一緒 に 連れ出 し た 。
",0.2727272727272727,0.3333333333333333
298,"i looked for someone to take her place .
","私 は 誰 か が 彼女 の 代わり を する 人 を 探 し た 。
",0.3333333333333333,0.3333333333333333
299,"you will not get there on time .
","時間 通り に は 着け な い よ 。
",0.25,0.25
300,"mr kennedy pointed out our mistakes .
","ケネディ 氏 は 、 私 達 の ミス を 指摘 し ま し た 。
",0.1,0.14285714285714285
301,"he has taken to gardening .
","彼 は 庭 いじり を する よう に な っ た 。
",0.3333333333333333,0.5
302,"you had to study english .
","英語 を 勉強 し な けれ ば な ら な かっ た 。
",0.2222222222222222,0.3333333333333333
303,"there was eternal twilight in the place .
","そこ に は 消え る こと の な い 薄明かり が あ っ た 。
",0.36363636363636365,0.5
304,"i &apos;m glad to see you .
","私 は あなた に あえ て うれし い 。
",0.7142857142857143,0.7142857142857143
305,"the fisherman cast his line into the water .
","漁師 は 釣り糸 を 水中 に 投げ た 。
",0.3333333333333333,0.3333333333333333
306,"this morning it was much cooler than yesterday morning .
","今朝 は 昨日 の 朝 より も ずっと 涼し かっ た 。
",0.3,0.3
307,"bill has the makings of an excellent scientist .
","ビル は 優秀 な 科学 者 に な る 素質 を 持 っ て い る 。
",0.2222222222222222,0.2222222222222222
308,"she has a good command of english though she was brought up in japan .
","彼女 は 日本 で 育 っ た に も かかわ ら ず 、 英語 を 自由 に 使 い こな す 。
",0.3076923076923077,0.26666666666666666
309,"i know him by name , but not by sight .
","あの 人 は 顔 は 知 ら な い が 名前 は 知 っ て い る 。
",0.09090909090909091,0.09090909090909091
310,"jane kicked at our decision .
","ジェーン は 私 たち の 決定 に 反対 し た 。
",0.1111111111111111,0.16666666666666666
311,"he keeps a small poultry yard .
","彼 は 小さな 鶏舎 を 持 っ て い る 。
",0.42857142857142855,0.42857142857142855
312,"keep your eyes wide open before marriage , half shut afterwards .
","結婚 前 は 両眼 を 大き く 見開 い て おれ 、 その 後 は 、 その 半ば を 閉じ よ 。
",0.07142857142857142,0.08333333333333333
313,"i left my hat as i got off the train .
","電車 を 降り た とき に 帽子 を 忘れ た 。
",0.36363636363636365,0.36363636363636365
314,"tom &apos;s friends called him mr money bags .
","トム の 友達 は 彼 の こと を 「 マネー バッグ 」 と 呼 ん だ 。
",0.07692307692307693,0.1111111111111111
315,"he was so childish that he couldn &apos;t resist temptation .
","彼 は あまり に 子供 だ から 誘惑 に かて な かっ た 。
",0.3333333333333333,0.2727272727272727
316,"are there any discount tickets for me ?
","何 か 割引 切符 は あ り ま す か 。
",0.14285714285714285,0.125
317,"he turned a deaf ear to my advice .
","彼 は 我々 の 忠告 に 耳 を 貸 さ な かっ た 。
",0.3333333333333333,0.3333333333333333
318,"i read at least one book every month .
","私 は 少な く とも 毎月 １ 冊 は 本 を 読 み ま す 。
",0.18181818181818182,0.2222222222222222
319,"my sister cheers young sumo wrestlers .
","姉 は 若 い 力士 を 応援 し て い ま す 。
",0.1111111111111111,0.14285714285714285
320,"but his friends call him ken .
","しかし 彼 の 友達 は 彼 を ケン と 呼 ぶ 。
",0.2,0.2857142857142857
321,"she complained to him that it was too short a notice .
","彼女 は 、 それ は あまり に 急 な 知ら せ だ と 彼 に ぐち を こぼ し た 。
",0.1875,0.25
322,"turn off the television . i can &apos;t concentrate .
","気 が 散 る から テレビ を 消 し て く れ 。
",0.15384615384615385,0.2
323,"who knows ?
","誰 が 知 る もの か 。
",0.16666666666666666,0.3333333333333333
324,"my little brother asked for some money .
","弟 が お 金 を 頂戴 と 言 い ま し た 。
",0.25,0.25
325,"it will make for the society .
","それ は 社会 に 寄与 する の だ 。
",0.25,0.2857142857142857
326,"i had my picture taken .
","私 は 私 の 写真 を と っ て もら い ま し た 。
",0.375,0.5
327,"he paid me a compliment .
","彼 は 私 に お 世辞 を 言 っ た 。
",0.375,0.5
328,"we have got to get him to take that project seriously .
","あの プロジェクト に つ い て 彼 を 本気 に さ せ な い と 。
",0.2727272727272727,0.25
329,"there is nobody who fulfils these conditions .
","この 条件 に 該当 する 人 は 誰 も い な い 。
",0.2222222222222222,0.25
330,"are you the prophet ?
","あなた は 預言 者 で す か 。
",0.2857142857142857,0.4
331,"let sleeping dogs lie .
","眠れ る 獅子 は 起こ す な 。
",0.14285714285714285,0.2
332,"i think most people are better off now than they used to be .
","たいてい の 人 が 以前 より も 暮らし 向き が よ い と 思 う 。
",0.15384615384615385,0.14285714285714285
333,"let &apos;s talk it out .
","話 を つけ よう じゃ な い か 。
",0.0,0.0
334,"have you read today &apos;s paper ?
","今日 の 新聞 は 読 み ま し た か 。
",0.25,0.2857142857142857
335,"i insist on your being present .
","私 は あなた に ぜひ 出席 し て もら い た い 。
",0.375,0.42857142857142855
336,"thank you very much for your thoughtful present .
","心づくし の 品 を 頂き ありがとう ござ い ま す 。
",0.1,0.1111111111111111
337,"beth was always up a tree .
","ベス は いつ も 途方 に くれ て い た 。
",0.25,0.2857142857142857
338,"new york is the busiest city in the world .
","ニューヨーク は 世界 で 最も にぎやか な 街 だ 。
",0.3333333333333333,0.3
339,"it follows from this that the company is not responsible for the accident .
","この こと から 、 会社 に は 事故 の 責任 が 無 い こと に な る 。
",0.21428571428571427,0.21428571428571427
340,"there was no one but wept to hear the story .
","その 話 を 聞 い て 泣 か な い 人 は い な かっ た 。
",0.45454545454545453,0.45454545454545453
341,"mary really takes after her mother .
","メアリー は 母親 に 良く 似 て い る 。
",0.125,0.14285714285714285
342,"i beat him at golf .
","私 は ゴルフ で 彼 を 負か し た 。
",0.375,0.5
343,"the last wound proved fatal .
","最後 の 傷 が 致命 的 で あ る と わか っ た 。
",0.2,0.3333333333333333
344,"mr frost is eligible for the post .
","フロスト 氏 は その 地位 に つ く 資格 が あ る 。
",0.3333333333333333,0.375
345,"a number of passengers were injured in the accident .
","その 事故 で たくさん の 乗客 が けが し た 。
",0.2727272727272727,0.3
346,"i plan to go skiing with my girlfriend .
","僕 は ガール フレンド と 一緒 に スキー に 行 く 予定 で す 。
",0.2727272727272727,0.3333333333333333
347,"the automobile industry is one of the main industries in japan .
","自動 車 産業 は 日本 の 大きな 産業 の ひと つ で あ る 。
",0.5454545454545454,0.5
348,"some speculators take advantage of the ignorance and helplessness of old people .
","相場 師 の 中 に は 老人 の 無知 と 寂し さ に 付け込 む 奴 が い る 。
",0.10526315789473684,0.15384615384615385
349,"we can just about read each other &apos;s minds .
","彼 と 僕 は ツーカー の 仲 だ 。
",0.14285714285714285,0.1
350,"the troops maintained their ground .
","部隊 は 陣地 を 守 り 続け た 。
",0.25,0.3333333333333333
351,"marry first and love will follow .
","まず 結婚 しろ 。 そう すれ ば 愛情 と は あと で 生まれ て くる 。
",0.0,0.0
352,"besides being ignorant , he is too proud .
","彼 は 無知 で あ る 上 に 、 傲慢 で も あ る 。
",0.2727272727272727,0.3333333333333333
353,"you &apos;d better go there on foot .
","そこ に は 歩 い て 行 っ た 方 が い い よ 。
",0.1111111111111111,0.125
354,"it was careless of you to miss the bus .
","バス に 乗り 遅れ る なんて 君 は 不 注意 だっ た ね 。
",0.4166666666666667,0.5
355,"in my analysis i rely considerably on the types of authoritarian behaviour first analyzed by kurz .
","分析 に お い て は 、 クルツ に よ っ て 最初 に 分析 さ れ た 権威 的 行動 の 類型 に 負 っ て い る 部分 が 大き い 。
",0.0,0.0
356,"when will you be free ?
","君 は いつ 暇 に な り ま す か 。
",0.2857142857142857,0.3333333333333333
357,"let &apos;s get together tomorrow .
","明日 集ま り ま しょ う 。
",0.14285714285714285,0.16666666666666666
358,"you really put that much in the sandwich ?
","そんな に 沢山 パン に 乗 る ん か？
",0.1,0.1111111111111111
359,"he is a proficient pianist .
","彼 は 熟練 の ピアニスト だ 。
",0.5714285714285714,0.6666666666666666
360,"i cannot help falling in love with you .
","私 は あなた を 好き に な ら ず に は い られ な い 。
",0.4444444444444444,0.4444444444444444
361,"i think the thai food at this place is seasoned so japanese will like it .
","やはり 、 ここ の タイ 料理 の 味付け は 、 日本 人 好み に し て あ る ん だ ね 。
",0.07142857142857142,0.0625
362,"his depression came to an end when she kissed him .
","彼 の 憂うつ は 彼女 が キス を する と 晴れ た 。
",0.2222222222222222,0.18181818181818182
363,"jane didn &apos;t play tennis , did she ?
","ジェーン は テニス を し ま せ ん で し た ね 。
",0.14285714285714285,0.1111111111111111
364,"give me something to eat .
","私 に 何 か 食べ物 を 下さ い 。
",0.2857142857142857,0.3333333333333333
365,"we watch television every evening .
","私 達 は 毎晩 テレビ を 見 る 。
",0.3333333333333333,0.3333333333333333
366,"as soon as we get the answer , we &apos;ll phone you .
","僕 たち に 答え が わか っ た ら すぐ に 君 に 電話 する よ 。
",0.25,0.23076923076923078
367,"what we need now is a rest .
","今 私 たち に 必要 な の は 休息 で す 。
",0.375,0.375
368,"i don &apos;t think we should do that .
","そう する べ き で は な い と 思 う 。
",0.2222222222222222,0.2222222222222222
369,"i came to the conclusion that i had been deceived .
","私 は だま さ れ て い た の だ と い う 結論 に 達 し た 。
",0.3,0.2727272727272727
370,"i met ken yesterday .
","昨日 ケン に 会 っ た 。
",0.3333333333333333,0.4
371,"insure it , please .
","保険 を かけ て 下さ い 。
",0.2857142857142857,0.4
372,"have a nice vacation .
","良 い 休暇 を 。
",0.3333333333333333,0.4
373,"we found out recently that some foxes live here on this mountain .
","この 山 に は 狐 が 住 ん で い る と い う こと が 最近 わか っ た 。
",0.15384615384615385,0.15384615384615385
374,"he was too tired to walk any more .
","彼 は 疲れ すぎ て い て もう それ 以上 歩け な かっ た 。
",0.36363636363636365,0.4444444444444444
375,"plants are nourished by earth .
","植物 は 土壌 で 育 つ 。
",0.14285714285714285,0.16666666666666666
376,"he suffered a nervous breakdown .
","彼 は 神経 衰弱 に な っ て い た 。
",0.2857142857142857,0.3333333333333333
377,"miho is the girl i like best .
","ミホ は 私 が 一番 好き な 女の子 で す 。
",0.375,0.375
378,"he seems to be rich .
","彼 は 金持ち で あ る よう に 思 わ れ る 。
",0.2222222222222222,0.3333333333333333
379,"john claimed that the dishonest salesman had tricked him into buying a useless piece of machinery .
","ジョン は 、 その 不 誠実 な セールスマン が 、 彼 を だま し て 無用 な 機械 を 買 わ せ た と 主張 し た 。
",0.1,0.11764705882352941
380,"i shudder to think of it .
","それ を 考え る と ぞっと する 。
",0.375,0.42857142857142855
381,"his life is free from care .
","彼 の 生活 は 心配 が な い 。
",0.375,0.42857142857142855
382,"drive more carefully , or you will run into trouble .
","もっと 注意 深 く 運転 し な けれ ば 、 事故 に 巻き込 ま れ ま す よ 。
",0.2857142857142857,0.36363636363636365
383,"there is a strong presumption against its truth .
","それ が 間違 っ て い る 可能 性 が 非常 に 強 い 。
",0.125,0.1111111111111111
384,"i am badly in need of your help .
","私 は あなた の 助け が とても 必要 で す 。
",0.5714285714285714,0.4444444444444444
385,"she was transferred from the head office to a branch office last month .
","彼女 は 先月 本社 から 支社 へ 転勤 さ せ られ た 。
",0.3333333333333333,0.2857142857142857
386,"i met the man , who showed me the way .
","私 は その 男 に 会 っ た 。 する と 彼 は 私 に 道 を 教え て くれ た 。
",0.38461538461538464,0.45454545454545453
387,"what slips in and out of view in the background is the real estate slump of recent years .
","背後 に 見え隠れ する の は 近年 の 不 動産 不況 だ 。
",0.07692307692307693,0.05263157894736842
388,"she painted the wall red .
","彼女 は その 塀 を 赤 く 塗 っ た 。
",0.3,0.5
389,"they had to clean out the goods in stock within the year .
","彼 ら は 年内 に 在庫 品 の かた を つけ な けれ ば な ら な かっ た 。
",0.3333333333333333,0.3076923076923077
390,"carlos climbed the mountain .
","カルロス は 山 を 登 っ た 。
",0.2857142857142857,0.4
391,"i don &apos;t know any french .
","私 は フランス 語 は 少し も 知 ら な い 。
",0.2222222222222222,0.2857142857142857
392,"i can &apos;t tell his twin sisters apart .
","彼 の 双子 の 妹 たち を 区別 する こと が でき な い 。
",0.5,0.5555555555555556
393,"we learn to read and write .
","我々 は 読み書き を なら う 。
",0.3333333333333333,0.2857142857142857
394,"try to speak english as often as possible if you want to improve your english .
","英語 を 上達 さ せ た い なら 、 でき る だけ 英語 を 話 す よう に つとめ なさ い 。
",0.17647058823529413,0.1875
395,"people can turn to the law if they want to correct an injustice .
","人 は 不正 を 正 し た い とき は 法律 に 頼 る こと が 出来 る 。
",0.2727272727272727,0.21428571428571427
396,"there were no hats in that store that fit me .
","あの 店 に は 私 に 合 う 帽子 は な かっ た 。
",0.2,0.18181818181818182
397,"it happened that the day was my birthday .
","たまたま その 日 は 私 の 誕生 日 で し た 。
",0.3333333333333333,0.3333333333333333
398,"i &apos;d like to pay by check .
","小切手 で 支払 い た い の で す が 。
",0.5714285714285714,0.5
399,"travel agencies &apos; profits soared .
","旅行 会社 の 収益 が 急増 し た 。
",0.1,0.16666666666666666
400,"the allusion was not lost on me .
","何 の こと を い っ て い る の か 私 に は ピン と き た 。
",0.18181818181818182,0.25
401,"aren &apos;t you going to get mr tate ?
","テイト 氏 を つれ て き て いただけ ま せ ん か 。
",0.2222222222222222,0.2222222222222222
402,"there are innumerable stars in the galaxy .
","銀河 系 に は 無数 の 星 が あ る 。
",0.1,0.125
403,"having been to the temple before , i know the way .
","以前 に その 寺 へ 行 っ た こと が あ る の で 、 私 は 道 を 知 っ て い る 。
",0.2,0.25
404,"&quot; done ! &quot; says the angel , and disappears in a cloud of smoke and a bolt of lightning .
","「 あっぱれ ！ 」 天使 は そう い う と 、 稲妻 が 走 る もやもや の 煙 の 中 へ 消え て い っ た 。
",0.2,0.14285714285714285
405,"no need to worry .
","悪 い ところ は あ り ま せ ん 。
",0.125,0.2
406,"i can not get enough sleep any more .
","最近 私 は よく 眠れ な い 。
",0.2857142857142857,0.2222222222222222
407,"bring it to me .
","それ を 私 の ところ に 持 っ て 来 なさ い 。
",0.42857142857142855,0.6
408,"bird watching is a nice hobby .
","野鳥 観察 は すばらし い 趣味 で す 。
",0.25,0.2857142857142857
409,"it snowed from monday to friday .
","雪 は 月曜 から 金曜 まで 降 っ た 。
",0.1111111111111111,0.14285714285714285
410,"he acquainted her with his plan .
","彼 は 彼女 に 自分 の 計画 を 知 ら せ た 。
",0.4444444444444444,0.5714285714285714
411,"he will stay in tokyo for several weeks .
","彼 は 数 週間 東京 に 滞在 する だ ろ う 。
",0.375,0.3333333333333333
412,"you have only to wait for her return .
","あなた は 彼女 が 帰 っ て くる の を 待ち さえ すれ ば よ い 。
",0.18181818181818182,0.2222222222222222
413,"he says daring things .
","彼 は 大胆 な こと を 言 う 。
",0.2857142857142857,0.4
414,"paul is by far the most charming boy in our school .
","ポール は 学校 で 飛び抜け て 魅力 の あ る 生徒 だ 。
",0.3,0.25
415,"that &apos;s against the contract .
","それ で は 契約 と 違 う 。
",0.42857142857142855,0.5
416,"i &apos;ll always love you , no matter what happens .
","貴方 を 愛 する こと に 変わり は な い から 。
",0.1,0.09090909090909091
417,"calcium is absent from his diet .
","彼 の 食事 に は カルシウム が 欠け て い る 。
",0.375,0.42857142857142855
418,"who knows what has become of him ?
","彼 が どう な っ た か だれ が し っ て い よう か 。
",0.2222222222222222,0.25
419,"i cannot continue my class with you chattering to one another .
","君 達 が お しゃべり を し て い て は 、 授業 が でき ま せ ん 。
",0.18181818181818182,0.16666666666666666
420,"it looks like janet &apos;s going to be kicked upstairs .
","ジャネット が 昇進 する みたい よ 。
",0.125,0.09090909090909091
421,"i have hard stools .
","固 い 便 が 出 ま す 。
",0.3333333333333333,0.4
422,"i heard that she came here .
","彼女 が き た と 、 き い た 。
",0.5,0.5714285714285714
423,"the state government deprived the civil rights of their citizen .
","州 政府 は 彼 から 市民 権 を 剥奪 し た 。
",0.2,0.18181818181818182
424,"spiders spin webs .
","クモ は 網 を 張 る 。
",0.14285714285714285,0.25
425,"they are always quarreling .
","彼 ら は いつ も けんか ばかり し て い た 。
",0.25,0.4
426,"it is rude to stare at strangers .
","じろじろ 見 る の は 無 作法 で あ る 。
",0.3,0.375
427,"she &apos;s alive ! she was drowning , but her father saved her .
","彼女 は 生き て い る ！ おぼれ かけ て い た ん だ が 、 父親 が 助け た ん だ 。
",0.26666666666666666,0.2857142857142857
428,"he checked that all the doors were safely shut .
","彼 は ドア が すべて 安全 に 閉ま っ て い る か どう か 確かめ た 。
",0.25,0.2
429,"the students met here to hear the speech .
","学生 たち は その 演説 を 聞 く ため に ここ に 集ま っ た 。
",0.25,0.3333333333333333
430,"he turned his attention to the picture .
","彼 は その 絵 に 目 を 向け た 。
",0.3333333333333333,0.375
431,"what time do you get up every morning ?
","あなた は 毎朝 何 時 に 起き ま す か 。
",0.375,0.3333333333333333
432,"i have a suspicious nature .
","私 は 疑い 深 い 性格 で す 。
",0.2857142857142857,0.3333333333333333
433,"jim has a white hat on his head .
","ジム は 白 い 帽子 を かぶ っ て い る 。
",0.3333333333333333,0.2222222222222222
434,"the two ladies smiled at each other .
","２人 の 女性 は お 互い 微笑み あ っ た 。
",0.2857142857142857,0.25
435,"aren &apos;t you ready ?
","準備 は まだ 出来 て い ま せ ん か 。
",0.25,0.4
436,"he didn &apos;t have a grain of courage .
","彼 は 勇気 の かけら も な かっ た 。
",0.3333333333333333,0.3333333333333333
437,"i can &apos;t fancy going out in this weather .
","この 天気 に 外出 する など 想像 も でき な い 。
",0.45454545454545453,0.5
438,"the oil companies increased the price of gas again .
","石油 会社 は 再び ガソリン の 価格 を 上げ た 。
",0.3,0.3
439,"he is ignorant of the world .
","彼 は 世界 を 知 ら な い 。
",0.2857142857142857,0.2857142857142857
440,"&quot; get rid of it , of course ! &quot; answered the farmer .
","「 もちろん 、 捨て て く れ 」 と 農家 が 答え ま し た 。
",0.23529411764705882,0.2857142857142857
441,"have you finished your lunch yet ?
","あなた は もう 昼食 を おえ ま し た か 。
",0.2857142857142857,0.2857142857142857
442,"concert tickets are on sale at this office .
","演奏 会 の 切符 は 当 事務 所 で 販売 し て い ま す 。
",0.09090909090909091,0.1111111111111111
443,"make sure that all of you arrive at nine .
","皆 さん 間違い な く ９ 時 に 着 く よう に し て くださ い 。
",0.09090909090909091,0.1
444,"do you believe in god ?
","君 は 神 の 存在 を 信 じ ま す か 。
",0.375,0.5
445,"both of them are kind and honest .
","彼 ら は 二人 とも 親切 で 正直 で す 。
",0.25,0.25
446,"you have a standing invitation to join us .
","いつ お い で くださ っ て も 歓迎 いた し ま す 。
",0.18181818181818182,0.2222222222222222
447,"the jet made a whining sound as it soared overhead .
","上空 を ジェット 機 が キーン と い う 音 を 立て て 飛 ん で い っ た 。
",0.09090909090909091,0.09090909090909091
448,"where can i get some help ?
","どこ に 行 っ た ら 助け て もらえ ま す か 。
",0.2222222222222222,0.2857142857142857
449,"but you don &apos;t want to bend the knees too much .
","しかし 君 は あまり 膝 を 曲げ た く な い で しょ う 。
",0.3333333333333333,0.25
450,"his success encouraged me very much .
","彼 の 成功 は 大いに 私 の 励み に な っ た 。
",0.2222222222222222,0.2857142857142857
451,"take the skin off before you eat the apple .
","リンゴ を 食べ る 前 に 皮 を む き なさ い 。
",0.3333333333333333,0.3
452,"is it necessary to change trains along the way ?
","途中 で 乗り換え が 必要 で す か 。
",0.25,0.2
453,"fortunately i was able to finish my work without any serious errors .
","幸い 大過 な く 仕事 を 終わ ら せ る こと が でき た 。
",0.2727272727272727,0.23076923076923078
454,"the roses are in bloom .
","バラ が 咲 い て い る 。
",0.2857142857142857,0.3333333333333333
455,"i had never seen such an exciting rugby match as one i saw yesterday .
","私 は 昨日 見 た 試合 ほど おもしろ い ラグビー の 試合 を 見 た こと が な かっ た 。
",0.23076923076923078,0.2
456,"the house was raided by the police .
","その 家 は 警察 の 手入れ を うけ た 。
",0.3333333333333333,0.375
457,"he was borne away by an impulse .
","彼 は 衝動 に 駆 ら れ た 。
",0.375,0.375
458,"yesterday mary gave me a book the cover of which was blue .
","昨日 メアリー は 表紙 が 青 い 本 を くれ た 。
",0.3,0.23076923076923078
459,"i &apos;m constantly telling her to behave herself .
","彼女 に 御 行儀 よ く し なさ い と いつ も 言 っ て い る 。
",0.1,0.1111111111111111
460,"if you hold on a moment , i will get jane on the phone .
","少し 待 っ て くれ た ら 、 ジェーン を 電話 に 出 さ せ ま す 。
",0.4,0.4
461,"i meet her on occasion at a beauty shop .
","彼女 と は ときおり 美容 院 で 会 い ま す 。
",0.2222222222222222,0.2
462,"however the protagonist is aware of his own mistakes .
","しかし 、 主人 公 は 自ら の 誤り に 気づ い て い る 。
",0.09090909090909091,0.1
463,"i cannot abide his manner .
","私 は 彼 の 態度 に 我慢 でき な い 。
",0.25,0.3333333333333333
464,"he is the kind of man who cannot do anything in moderation , but always goes to extremes .
","彼 は 何事 も 程々 と い う 事 を 知 ら ず 、 いつ も 極端 に 走 っ て しま う 。
",0.38461538461538464,0.2631578947368421
465,"you must be careful in crossing the road .
","道路 を 横断 する とき に は 注意 し なさ い 。
",0.2222222222222222,0.2222222222222222
466,"mind your own business !
","自分 の こと だけ 気 に かけ ろ ！
",0.0,0.0
467,"my friend wants a car of his own .
","友人 は マイ カー を 欲し が っ て い る 。
",0.125,0.1111111111111111
468,"she gave a pluck at my elbow .
","彼女 は 私 の ひじ を 引っ張 っ た 。
",0.42857142857142855,0.375
469,"i will stand by you whatever happens .
","何 が 起こ ろ う と も 、 私 は あなた の 味方 を する 。
",0.2727272727272727,0.375
470,"will you have some coffee ?
","コーヒー を 飲 み ま す か 。
",0.42857142857142855,0.5
471,"i understand how you feel .
","気持ち を 御 察し し ま す 。
",0.3333333333333333,0.5
472,"they say we &apos;re going to get some showers .
","にわか 雨 に な る らし い で す よ 。
",0.1111111111111111,0.1
473,"whatever you &apos;re doing , starting off on the right foot is essential .
","何事 も 最初 が 肝心 だ よ な 。
",0.25,0.14285714285714285
474,"the word lends itself to misuse by beginners .
","その 語 は 誤用 さ れ やす い 。
",0.25,0.2222222222222222
475,"they built the ship in accordance with the plans .
","彼 ら は 設計 図 どおり に 船 を 作 っ た 。
",0.25,0.2
476,"i saw her just the other day .
","ほんの ２、３ 日 前 に 彼女 に 会 っ た 。
",0.4444444444444444,0.5
477,"which gate is that ?
","それ は どの ゲート で す か 。
",0.3333333333333333,0.4
478,"i will give up drinking at any cost .
","私 は 何 と し て も 酒 を 止め る つもり で す 。
",0.2,0.2222222222222222
479,"do you offer any night tours ?
","夜 の ツアー は あ り ま す か 。
",0.14285714285714285,0.14285714285714285
480,"you &apos;re old enough to know better .
","もっと 分別 が あ っ て も い い 年頃 だ よ 。
",0.1,0.125
481,"take a no . 5 bus at this bus stop .
","この 停留 所 から ５ 番 目 の バス に 乗り なさ い 。
",0.2727272727272727,0.2727272727272727
482,"it seemed that he was short of money .
","彼 に は お 金 が 足り な い よう だっ た 。
",0.3333333333333333,0.3333333333333333
483,"does he need to help her ?
","彼 は 彼女 を 援助 し て や る 必要 が あ り ま す か 。
",0.3333333333333333,0.42857142857142855
484,"it &apos;s only a slight cold .
","軽 い 風邪 で す 。
",0.42857142857142855,0.42857142857142855
485,"the whole soccer team was on cloud nine after winning the championship .
","サッカー チーム 全体 が 優勝 し て 浮き浮き し て た 。
",0.3333333333333333,0.23076923076923078
486,"how do you like this town ?
","この 町 は 気 に 入 り ま し た か 。
",0.2857142857142857,0.2857142857142857
487,"winter is gone .
","冬 は 過ぎ去 っ た 。
",0.16666666666666666,0.25
488,"i cannot manage without his support .
","彼 の 助け 無し に は 、 や っ て いけ な い 。
",0.25,0.2857142857142857
489,"this hall holds a maximum of 1,000 people .
","この ホール は 最大 で １０００ 人 収容 でき る 。
",0.2222222222222222,0.2222222222222222
490,"what was the weather report ?
","天気 予報 は どう で し た か 。
",0.2857142857142857,0.3333333333333333
491,"time after time i &apos;ve invited them to come over and visit us but time and time again they &apos;ve never come .
","再三 彼 ら を 招待 し た が 決して こ な かっ た 。
",0.2727272727272727,0.13043478260869565
492,"everyone recognized his skill .
","誰 も が 彼 の 技術 を 認め た 。
",0.25,0.4
493,"you &apos;ll go to school tomorrow .
","貴方 は 、 明日 学校 に 行 く だ ろ う 。
",0.2222222222222222,0.2857142857142857
494,"this data is immaterial to the argument .
","この データ は その 議論 に と っ て 重要 だ 。
",0.4,0.5
495,"do you see her often ?
","彼女 と は よく 会 い ま す か 。
",0.375,0.5
496,"they are faced with a serious situation .
","彼 ら は 容易 な ら ぬ 事態 に 直面 し て い る 。
",0.3333333333333333,0.375
497,"much time was wasted .
","多く の 時間 が 無駄 に な っ た 。
",0.125,0.2
498,"whatever i have is yours .
","僕 の もの は 全て 君 の 物 だ 。
",0.42857142857142855,0.5
499,"i like my steak medium .
","ステーキ は 中位 で 焼 い て くださ い 。
",0.125,0.16666666666666666
