,en,fr,hypo,pplx,prec,rec
0,this is a dead @-@ end alley .,この 路地 は 通り抜け でき ま せ ん 。,i can &apos;t this this this . . _EOS,31.17229642615292,0.2222222222222222,0.25
1,"yes , sorry , i forgot to acknowledge it .",ええ 、 届 い た の を お 知 らせ する の を 忘れ て しま っ て す み ま せ ん 。,"you you me , , , the the the the the the _EOS",39.45044115577909,0.15384615384615385,0.2
2,he is a german by origin .,彼 は ドイツ 生まれ の 人 だ 。,he is a a of a a . . _EOS,50.54669321889116,0.4,0.5714285714285714
3,we are familiar with the legend of robin hood .,我々 は ロビン フッド の 伝説 を 良く 知 っ て い る 。,we are _UNK _UNK the the the _UNK _UNK . . _EOS,6.3930447013063105,0.3333333333333333,0.4
4,is your trunk locked ?,トランク に は 鍵 が かけ られ て い ま す か 。,can you see the _UNK ? _EOS,15.697735910329252,0.14285714285714285,0.2
5,i just meant it as a joke .,それ は 冗談 の つもり で い っ た だけ だ よ 。,it &apos;s that that to a a good this . . _EOS,100.29902666981896,0.25,0.375
6,the room had a nice cozy feel .,その 部屋 は 居心地 の 良 い 感じ が し た 。,the was was _UNK _UNK . . _EOS,26.11246858294417,0.25,0.25
7,she alone is able to use the personal computer .,パソコン が 使え る の は 彼女 だけ で す 。,i is i that is i to . . _EOS,94.58937691211915,0.3,0.3
8,they agreed on a joint statement .,彼 ら は 共同 声明 に 同意 し た 。,they got on on . . _EOS,20.63215167493625,0.42857142857142855,0.42857142857142855
9,he handed her up into the bus .,彼 は 彼女 を バス に 助け あげ た 。,he was her her her . . _EOS,35.32452245699943,0.375,0.375
10,"whatever faults he may have , meanness is not one of them .",彼 に どんな 欠点 が あ る に し て も 、 卑劣 な ところ は な い 。,i can &apos;t to what what is he he is a . . _EOS,49.450139686015355,0.21428571428571427,0.23076923076923078
11,&quot; will they be open this early in the morning ? &quot; &quot; they &apos;ll let me in on sight . &quot;,「 こんな 朝 早く から 開館 し て る ん で す か ？ 」 「 私 は 顔 パス よ 」,&quot; you you _UNK &quot; &quot; &quot; &quot; &quot; &quot; &quot; &quot; &quot; &quot; &quot; &quot; &quot; &quot; &quot; &quot;,51.22789229001239,0.2,0.18181818181818182
12,"man , too , has been given protective devices against extreme temperatures .",人間 も 極度 に 寒 い 温度 に 対 し て は 、 防御 装置 を 備え て い る 。,"a _UNK , , , _UNK _UNK _UNK _UNK _UNK _UNK _UNK . . _EOS",20.52420027549171,0.2,0.23076923076923078
13,i stopped smoking .,私 は タバコ を 吸 う の を やめ た 。,i was my my . . _EOS,73.0669382932704,0.2857142857142857,0.5
14,he struck me in a passion .,彼 は かっと な っ て 私 を 殴 っ た 。,he took a a a the the . . _EOS,65.0214843969607,0.3,0.42857142857142855
15,he pulled the rope .,彼 は ロープ を 引っ張 っ た 。,he took a the . . _EOS,33.68901968307431,0.42857142857142855,0.6
16,why not apologize and ask for his pardon ?,どう し て あやま っ て 彼 の 許し を こ わ な い ん だ 。,i don &apos;t _UNK to to _UNK . . _EOS,153.07175296512116,0.0,0.0
17,i suppose they are coming .,私 は 彼 ら は 来る と 思 う 。,i think i think it . . _EOS,62.03894658908501,0.25,0.3333333333333333
18,the house which stands on the hill is very old .,丘 の 上 に 建 っ て い る 家 は とても 古 い 。,i is is is to to the _UNK _UNK . _EOS,36.13341628096991,0.2727272727272727,0.2727272727272727
19,i arrived there too early .,私 は 早 く 着 き すぎ た 。,i was to _UNK . _EOS,23.16906932888149,0.3333333333333333,0.3333333333333333
20,i would like to repay him for his kindness .,私 は 彼 の 親切 に こたえ た い 。,i want to him him the . _EOS,52.44200944809019,0.5,0.4
21,the roof was torn off by the gale .,屋根 は 強風 に 飛ば さ れ た 。,the _UNK was in the the . . _EOS,15.527239567097274,0.4444444444444444,0.4444444444444444
22,a boat suddenly appeared out of the mist .,霧 の 中 から 突然 船 が 現れ た 。,the _UNK _UNK the the the the . . _EOS,28.902379207703564,0.2,0.2222222222222222
23,he would still be alive if he had been wearing his seat belt when the car crashed .,車 が 衝突 し た とき シート ベルト を し て い た ら 、 彼 は 今 で も 生き て い る だ ろ う 。,"when &apos;s when when , , i i i to to _UNK _UNK . a . . . _EOS",37.980441038651215,0.10526315789473684,0.1111111111111111
24,"when you get married and have kids , you &apos;ll realize that actions speak louder than words .",あなた が 結婚 し 子供 を 持 っ た ら 、 言葉 より 実践 と い う こと を 悟 る で しょ う 。,"you you you a a , , your in in _UNK . . _EOS",82.21413558649056,0.2857142857142857,0.2222222222222222
25,it leaves nothing much to be desired .,それ は 遺憾 な ところ が 多 い 。,that has a a a a good . _EOS,52.32736245583078,0.1111111111111111,0.125
26,you can &apos;t turn the heat off as long as the system is operating .,その 装置 が 作動 し て い る 間 は 暖房 を 止め る こと は でき な い 。,the _UNK _UNK _UNK _UNK to the _UNK _UNK to to the . . _EOS,34.45791998999956,0.2,0.2
27,the picnic was called off because of rain .,ピクニック は 雨 の ため に 中止 に な っ た 。,the had had a for for for . . _EOS,19.21918269100302,0.2,0.2222222222222222
28,he often stays away from home on the weekend .,彼 は 週末 に よく 家 を 空け る 。,he often often with the the . _EOS,54.228288747685696,0.5,0.4
29,the german shepherd was limping down the street .,その シェパード は 、 びっこ を ひ き ながら 道 を 歩 い て い た 。,the _UNK _UNK _UNK _UNK the the _UNK . _EOS,13.175164107626284,0.3,0.3333333333333333
30,bob has too many books to read .,ボブ は 読 み きれ な い ほど たくさん の 本 を 持 っ て い る 。,i have a _UNK than than than a a all . . _EOS,100.87004181382359,0.07692307692307693,0.125
31,he hammered nails into the plank .,板 に くぎ を 打ち込 ん だ 。,i _UNK a a the the . . _EOS,9.961362151970782,0.2222222222222222,0.2857142857142857
32,have you finished your homework already ?,宿題 は もう 終わ っ た の で す か 。,how did you have a for ? ? _EOS,16.53612914950268,0.3333333333333333,0.42857142857142855
33,that &apos;s about it .,まず その 辺 で す 。,"i &apos;m that , the _UNK the . . _EOS",39.46090511230488,0.2,0.4
34,my dream is to take a round @-@ the @-@ world trip .,夢 は 、 世界 一周 旅行 。,"the is is , to a school . . _EOS",127.3276820780683,0.5,0.38461538461538464
35,please take me home tonight .,今夜 は 家 に つれ て い っ て く れ 。,the &apos;s is on on the the the . . _EOS,337.3958138262853,0.09090909090909091,0.16666666666666666
36,i have had to stay in bed for two days .,２ 日間 ベッド に い な く て は な ら な かっ た 。,i have to to to to to the the . . _EOS,13.63369489301113,0.3333333333333333,0.36363636363636365
37,the firemen had the fire out in no time .,消防 士 は あっ と い う 間 に 火 を 消 し た 。,the _UNK _UNK _UNK in the the _UNK . _EOS,22.644259483925754,0.4,0.4
38,can i borrow your umbrella ?,あなた の 傘 を 借り て い い で す か 。,do you you your your ? ? _EOS,15.578625393555159,0.25,0.3333333333333333
39,i will stay home if it rains tomorrow .,明日 雨降り なら 私 は 家 に い ま す 。,i &apos;ll to to at at tomorrow . . _EOS,21.96824090147945,0.3,0.3333333333333333
40,she was the last to cross the finishing line .,彼女 が 最後 に ゴール し た 人 で す 。,she is the she she she . . _EOS,91.49675361596783,0.3333333333333333,0.3
41,nothing is more vivid than a picture .,写真 ほど 鮮明 な もの は な い 。,i is not of of . . _EOS,23.707007643494155,0.25,0.25
42,tax cuts are often used as a major fiscal tool to stimulate the economy .,減税 は しばしば 経済 を 刺激 する 重要 な 財政 政策 手段 と し て 使 わ れ る 。,_UNK is _UNK to _UNK to _UNK of _UNK _UNK _UNK . . _EOS,45.29844329581198,0.14285714285714285,0.13333333333333333
43,the bridge crashed under the pressure .,橋 が 圧力 で 落ち た 。,the was was _UNK the the . . _EOS,25.121782307574843,0.3333333333333333,0.42857142857142855
44,i know the facts well enough .,私 は その 事実 を 十分 よく 知 っ て い る 。,i am know that that the the . . _EOS,33.516477283904294,0.4,0.5714285714285714
45,it won &apos;t be easy to find someone capable of taking his place .,彼 の 後 を 継 ぐ だけ の 能力 の あ る 人物 を 見つけ る の は 容易 で は な い だ ろ う 。,it &apos;s it to to the the _UNK _UNK _UNK _UNK _UNK the _UNK _UNK _UNK the _UNK _UNK the,47.11340464657968,0.1,0.14285714285714285
46,i hurried in order to catch the first train .,私 は 一 番 列車 に 間に合 う よう に 急 い だ 。,i &apos;m to to to to you you the the day . _EOS,72.7712664027895,0.3076923076923077,0.4
47,i cannot put up with his idleness any longer .,私 は もはや 彼 の なまけ を 我慢 出来 な い 。,i cannot &apos;t him his his his his . _EOS,24.007241202166423,0.4,0.4
48,she resembles her aunt .,彼女 は 叔母 に 似 て い る 。,she is her her her . . _EOS,70.43369641874985,0.375,0.6
49,he earns a good salary .,彼 は い い 給料 を もら っ て い る 。,he has a good good . . _EOS,16.94632670864972,0.5,0.6666666666666666
50,the boy singing a song is my brother .,歌 を 歌 っ て い る 少年 は 私 の 弟 で す 。,i &apos;s my to my my my . . _EOS,25.22087980991026,0.2,0.2222222222222222
51,she was lying face down on the bed .,彼女 は ベッド の 上 に うつ伏せ に 倒れ て い た 。,she was her in the the the the . . _EOS,20.19365655804176,0.36363636363636365,0.4444444444444444
52,i have an urgent matter to attend to .,急 い で する 事 が あ る 。,i &apos;m a to to . . _EOS,54.510981907537406,0.5,0.4444444444444444
53,i had to cancel my trip on account of the strike .,私 は 、 ストライキ の ため に 、 旅行 を 中止 し な けれ ば な ら な かっ た 。,"i had to to , the the my my my my . . _EOS",19.656849331666972,0.42857142857142855,0.5
54,everyone is not honest .,だれ で も が み な 正直 と は 限 ら な い 。,there is is not of in is . . _EOS,51.66476143758859,0.3,0.6
55,"if i were in your place , i would lend him a hand .",もし 私 が 君 の 立場 なら 、 彼 を 手伝 っ て や る だ ろ う に 。,if i i if you you you you i i you . . _EOS,47.49003223300958,0.2857142857142857,0.2857142857142857
56,you should cultivate the habit of getting up early .,早起き の 習慣 を 養 う よう に し なさ い 。,please your to to a your the . . _EOS,61.61023417108127,0.2,0.2
57,i will never forget seeing you .,君 に 会 っ た こと を 私 は 決して 忘れ ま せ ん 。,i i &apos;m to you you you . _EOS,19.35092943897325,0.3333333333333333,0.42857142857142855
58,have you ever been to canada ?,カナダ へ 行 っ た こと が あ り ま す か 。,have you ever been to the ? ? _EOS,6.955525241994576,0.6666666666666666,0.8571428571428571
59,the front of the bus was not crowded .,バス の 前 の ほう は す い て い た 。,the were were in in in the the . . _EOS,44.22172144555828,0.2727272727272727,0.3333333333333333
60,he was welcomed wherever he went .,彼 は 出かけ た 先々 で 歓迎 さ れ た 。,he was a _UNK of the of . . . _EOS,39.0913052815002,0.2727272727272727,0.42857142857142855
61,he sometimes forgets what he was talking about .,彼 は 自分 が 何 を 話 し て い る か を 時々 忘れ て しま う 。,he he he he he his his his his his . . _EOS,56.89681798422339,0.23076923076923078,0.3333333333333333
62,she is in no humor for task .,彼女 は その 仕事 を する 気分 で は な い 。,she is not _UNK the the the . . _EOS,14.781480006287373,0.3,0.375
63,i like baseball .,私 は 野球 が 好き だ 。,i like like . . _EOS,3.4568277994681758,0.5,0.75
64,no person by that name is listed in the register of the school .,その 名 の 人 は 学籍 簿 に 載 っ て ま せ ん 。,the _UNK is is _UNK in _UNK _UNK _UNK . . _EOS,81.75357442254817,0.3333333333333333,0.2857142857142857
65,"if the harvest gets any worse , there could be a famine .",収穫 が もっと 悪 く な れ ば 、 飢饉 が 起こ る か も 知れ な い 。,"if can not , , , . . . . . _EOS",78.56255320975205,0.25,0.23076923076923078
66,father went red with anger when i behaved rudely towards him .,父 は 私 が 彼 に 対 し て 失礼 な 言動 を と っ た とき 、 怒り で 顔 が 真っ赤 に な っ た 。,"he was to to , he , he he me to to to to . . _EOS",111.28677142563481,0.058823529411764705,0.08333333333333333
67,he was standing at the top of the mountain .,彼 は 山 の 頂上 に 立 っ て い ま し た 。,he was to to the the . _EOS,59.762319810977374,0.625,0.5
68,we all like cycling .,私 たち みんな 自転 車 に 乗 る の が 好き で す 。,i like to to to this this . . _EOS,55.10131684779206,0.2,0.4
69,babies often fall down .,赤ん坊 は よく 転 ぶ 。,the is is . . _EOS,58.765434104069286,0.16666666666666666,0.2
70,the question was too difficult to answer .,その 質問 は 難し すぎ て 答え られ な かっ た 。,the boy was &apos;t _UNK to _UNK . . _EOS,16.741083153457097,0.4,0.5
71,she looks like a teacher .,彼女 は 教師 の よう に 見え る 。,she is a in of . _EOS,14.496991124008586,0.42857142857142855,0.5
72,&quot; weren &apos;t you there ? &quot; asked mr jordan .,ジョーダン さん は 「 授業 に 出 て い な かっ た の で す か 」 と たずね た 。,"&quot; you &apos;t &apos;t i , the , i the the &apos;t . . . _EOS",62.93457134391557,0.25,0.36363636363636365
73,"&quot; anything else ? &quot; &quot; no , that &apos;s all . &quot;",「 ほか に 何 か 要 り ま す か 」 「 それ だけ で 結構 で す 」,&quot; is you you to to to the the ? ? ? _EOS,65.14054740877013,0.15384615384615385,0.15384615384615385
74,worry affected his health .,気 苦労 が 彼 の 体 に 響 い た 。,there was on him him him . . _EOS,649.1942487024509,0.1111111111111111,0.2
75,he explained it at length .,彼 は それ を 詳し く 説明 し だ し た 。,he took to for . . _EOS,16.179389955419396,0.2857142857142857,0.3333333333333333
76,"&quot; cheer up , &quot; she said to me .",「 元気 を 出 し なさ い 」 と 彼女 は 私 に 言 い ま し た 。,&quot; i had to to to when on on my my . _EOS,37.49121121219427,0.23076923076923078,0.3
77,i &apos;m not really familiar with computers .,本当 を 言 う と 、 コンピューター に は 詳し く な い の で す 。,it is a to you you to a a . _EOS,111.45954935000279,0.09090909090909091,0.125
78,i want to chill the wine more .,ワイン を もっと 冷や し た い 。,i had _UNK to to the my . . _EOS,11.570751169219559,0.4,0.5
79,"she is in a temper , because she missed her usual train in the subway and had to walk to work .",彼女 は 機嫌 が 悪 い と い う の も 、 いつ も 地下 鉄 に 乗 り 遅れ 仕事 場 まで 歩 く 羽目 に な っ た から だ 。,"she she she , she she she the she she the the . . . . . _EOS",40.885057192417996,0.2777777777777778,0.22727272727272727
80,it said rain from this evening .,夕方 から 雨 だ って い っ て い た よ 。,it &apos;s just you the the the . . _EOS,56.684183489440855,0.2,0.2857142857142857
81,by tomorrow morning all the world will have been covered with snow .,あす の 朝 まで に は 一面 の 銀 世界 に な っ て い る だ ろ う 。,the &apos;s will _UNK the the the the the the the . . _EOS,143.37438326523485,0.21428571428571427,0.23076923076923078
82,"had i known it , i would have told you .",知 っ て い れ ば 教え て あげ た ん だ けど 。,"i would i , i have &apos;t . . . . _EOS",25.045054699949493,0.5,0.5454545454545454
83,ignorance is bliss .,無知 は 幸福 。,the is is _UNK . _EOS,126.36168514870626,0.3333333333333333,0.5
84,what a waste of your lawyer qualifications !,せっかく 弁護 士 の 資格 が あ る の に もったい な い 。,there is no _UNK _UNK _UNK _UNK _UNK . . _EOS,89.10792503670963,0.0,0.0
85,make the best of your small income .,少な い 収入 を でき る 限り いか し た い 。,i have a a _UNK of i a a this this this . . _EOS,595.2547251794252,0.13333333333333333,0.25
86,may i call on you some day ?,いつ か あなた を 訪問 し て も い い で す か 。,may i i i i i your to ? ? _EOS,27.00895372424989,0.2727272727272727,0.375
87,i didn &apos;t know whether to stay here or go to london .,私 は ここ に とどま る べ き か ロンドン へ 行 く べ き か 分か ら な かっ た 。,i didn not to to to to to to to to . . _EOS,14.945286661181612,0.35714285714285715,0.38461538461538464
88,dan is often scolded by his mother .,ダン は よく お 母 さん に しか ら れ る 。,_UNK _UNK _UNK to to . . _EOS,41.681099515780055,0.125,0.125
89,george is quite talkative .,ジョージ は とても 話 好き だ 。,john is a of of . _EOS,47.41315024457128,0.2857142857142857,0.4
90,there are cases where the system doesn &apos;t go .,システム が 作動 し な い 場合 が あ る 。,there is a _UNK _UNK _UNK _UNK . . _EOS,118.3951711741454,0.2,0.2
91,she goes to the movies once a week .,彼女 は 毎週 １ 回 映画 を 見 に 行 く 。,she _UNK to the the the the the the the . . _EOS,53.40723290005257,0.3076923076923077,0.4444444444444444
92,he is fine and gentle .,彼 は とって も やさし い よ 。,he is a to a a _UNK . _EOS,64.04999741636281,0.3333333333333333,0.5
93,i am almost 180 centimeters tall .,私 は ほとんど １８０ センチ で す 。,i &apos;m a _UNK _UNK . _EOS,14.280410689886212,0.2857142857142857,0.2857142857142857
94,he resembles his mother .,彼 は 母親 に 似 て い る 。,he is very her her . . _EOS,101.16025789196729,0.25,0.4
95,tokyo is by far the largest city in japan .,東京 は だんぜん 日本 で 一番 大き い 都市 で す 。,the _UNK is a _UNK in in in . . _EOS,36.02484158636557,0.36363636363636365,0.4
96,"if you wish to get on in the world , you must not shrink from effort .",出世 し た い の なら 、 努力 を おそれ て は な ら な い 。,"if you , the the the the the the the in the . . . . _EOS",21.05343201655622,0.35294117647058826,0.35294117647058826
97,"&quot; it &apos;s still shallow , eh . my feet still touch the bottom . &quot; &quot; it &apos;s quite a shallow beach . yotsuba , you can still touch the bottom can &apos;t you ? &quot;",「 まだ 浅 い ね 。 足 とど く 」 「 結構 遠浅 だ な 。 よ つば も まだ 足 つ く だ ろ 」,"&quot; &quot; &quot; , , &quot; &quot; &quot; &quot; &quot; &quot; &quot; &quot; &quot; &quot; &quot; &quot; &quot; &quot; &quot;",44.40837150778824,0.3,0.16216216216216217
98,my grandfather hopes that i will enter college .,私 の お じい ちゃん は 私 が 大学 に 行 く こと を 望 ん で い る 。,my my my _UNK me me i to to _UNK . _EOS,100.47293833388737,0.25,0.3333333333333333
99,it &apos;s easy to lose track of time when you are in las vegas .,ラスベガス が い る と 時間 が 経 つ の を 忘れ る 。,_UNK _UNK _UNK and and and . . _EOS,128.277107126846,0.1111111111111111,0.06666666666666667
100,he glared at me fiercely .,彼 は 非常 な 剣幕 で 私 を にらみ付け た 。,he _UNK his _UNK a _UNK . . _EOS,14.73488195009073,0.2222222222222222,0.3333333333333333
101,a fence between makes love more keen .,間 の 垣根 が 恋 を いっそう 燃え立 た せ る 。,i _UNK a _UNK _UNK _UNK _UNK _UNK . _EOS,117.55981212084968,0.2,0.25
102,caroline knows better than to spend all her money on clothes .,キャロライン は すべて の お 金 を 洋服 に 使 う ほど 愚か で は な い 。,_UNK is not _UNK _UNK _UNK _UNK _UNK the _UNK . . . _EOS,55.48094734451162,0.07142857142857142,0.08333333333333333
103,he has just been appointed the u.s. ambassador to japan .,彼 は 駐日 アメリカ 大使 に 命 じ られ た ばかり で す 。,he was _UNK _UNK _UNK . _EOS,59.823996785979105,0.2857142857142857,0.18181818181818182
104,she married to the kind of man you would expect her to pick .,彼女 なら 当然 選 び そう な 人 と 彼女 は 結婚 し た 。,she she her her her her a a a a . . _EOS,74.92399681765899,0.23076923076923078,0.21428571428571427
105,i met my friend on the street .,昨日 通り で 友人 に 会 っ た 。,i met on on the yesterday yesterday yesterday . _EOS,11.980172296393622,0.5,0.625
106,liquor will have an effect on a person .,お 酒 を 飲 む と 影響 が 出 る もの だ 。,you &apos;s is to to to in your . . _EOS,44.59441492419176,0.09090909090909091,0.1111111111111111
107,i believe in you .,君 を 信頼 し て い る 。,i have your your . . _EOS,11.802525641564147,0.2857142857142857,0.4
108,our train went at 200 kilometers an hour .,我々 の 列車 は 時速 ２００ キロ で 走 っ た 。,our were went went their _UNK _UNK . _EOS,18.90571662239583,0.3333333333333333,0.3333333333333333
109,we are crying .,私 たち は 泣 い て い る の 。,we are is _UNK . _EOS,26.723241972207763,0.5,0.75
110,she caught her breath .,彼女 は 息 を 飲 ん だ 。,she _UNK her of of . _EOS,25.017203643930632,0.42857142857142855,0.6
111,you must not smoke till you grow up .,君 たち は 大人 に な る まで タバコ を 吸 っ て は いけ な い 。,you must not to to to the the the the . . _EOS,58.35824214761468,0.3076923076923077,0.4444444444444444
112,he tapered off to one cigarette a day .,彼 は たばこ を 一 日 一 本 に 減ら し て い っ た 。,he was a all in the the the day . _EOS,32.10272451332951,0.36363636363636365,0.4444444444444444
113,your daughter &apos;s on drugs .,貴殿 の 娘 さん は 麻薬 漬け で す 。,my _UNK is _UNK _UNK _UNK _UNK . . _EOS,46.510257767851364,0.1,0.16666666666666666
114,let &apos;s put her in charge of that .,彼女 を その 任務 に 就け よう 。,i &apos;s the the the the the the . . _EOS,26.08631739307122,0.18181818181818182,0.2222222222222222
115,a travel agent arranged everything for our trip .,ある 旅行 会社 が 我々 の 旅行 の 手配 を 全部 し て くれ た 。,we were the the the the the the the the _UNK . _EOS,119.68841866034033,0.07692307692307693,0.1111111111111111
116,she may well be proud of her son .,彼女 が 息子 を 自慢 する の も もっとも だ 。,she is a of her her her . . _EOS,10.244422876232184,0.4,0.4444444444444444
117,the pain shoots into my right leg .,痛み が 右脚 に 走 り ま す 。,i &apos;ll the the the . . _EOS,72.02074100361783,0.25,0.25
118,the list of participants is as follows .,参加 者 の リスト は 次 の とおり で す 。,the &apos;s a is of of . . _EOS,20.896847015723363,0.4444444444444444,0.5
119,she will often go shopping on holidays .,彼女 は 休日 に な る と よく 買い物 に 行 き ま す 。,she will to to before before before her . . _EOS,35.87475228796944,0.2727272727272727,0.375
120,i spent all yesterday afternoon cleaning my room .,昨日 の 午後 は ずっと 、 私 の 部屋 を 掃除 する の に 費や し た 。,the _UNK _UNK _UNK on the the . . _EOS,47.50689357828089,0.1,0.1111111111111111
121,something is always going wrong with the machine .,その 機械 は いつ も どこ か 故障 ばかり し て い る 。,the is is always that that that that . . . _EOS,32.494851083980336,0.3333333333333333,0.4444444444444444
122,please check if the meat is being roasted at the right heat .,焼き肉 の 火 加減 を 見 なさ い 。,_UNK the _UNK _UNK _UNK _UNK . _EOS,158.21205361975666,0.25,0.15384615384615385
123,i asked her to marry me and she accepted .,彼女 に 結婚 し て くれ な い か と 言 っ たら 彼女 は 承知 し て くれ た 。,she she &apos;t a she she she she her her her her her her . . _EOS,66.676058063718,0.17647058823529413,0.3
124,would you be kind enough to tell me the truth ?,本当 の こと を おっしゃ っ て いただけ ま せ ん か 。,can you have a a a _UNK ? ? _EOS,61.140261605322344,0.2,0.18181818181818182
125,his father breathed his last this morning .,彼 の 父 は 今朝 息 を 引き取 り ま し た 。,his _UNK his his his on . _EOS,20.870962593871642,0.375,0.375
126,she tried to commit suicide .,彼女 は 自殺 を し よう と し た 。,she _UNK her her _UNK . _EOS,4.8592615314226055,0.2857142857142857,0.3333333333333333
127,he lost his way in the woods .,彼 は 森 で 迷 っ た 。,he was a by by . . _EOS,34.90542959730861,0.25,0.25
128,"if my wife calls , just tell her i &apos;m in an important meeting and cannot be disturbed .",妻 が 電話 し て き た ら 、 私 は 重要 な 会議 中 で 出 られ な い と 言 っ て くださ い 。,"if you if that , , , i , the &apos;t be a a be a a a a a",61.51088823385404,0.2,0.21052631578947367
129,we often eat foods which are harmful to our health without knowing it .,私 たち は 健康 に 有害 な 食品 を 知 ら ず に 食べ て い る 事 が よく あ る 。,we have have have have in in in in in in . . _EOS,48.257903266161414,0.14285714285714285,0.14285714285714285
130,i don &apos;t know how to cook too many things .,料理 の レパートリー は 限 ら れ て る の 。,the is is is is of _UNK . . _EOS,259.5549288098273,0.1,0.09090909090909091
131,what heading does this book come under ?,この 本 は 何 の 項目 に 入 り ま す か 。,how does this this this this ? ? _EOS,17.28194460456961,0.3333333333333333,0.375
132,he finally made up his mind to marry the girl he had met in paris .,彼 は パリ 出会 っ た 女性 と 結婚 する 決心 を し た 。,he took to to to to to to to to . . _EOS,67.60844701185984,0.23076923076923078,0.1875
133,he bothered her with questions .,彼 は 彼女 に うるさ く 質問 し て 困 ら せ た 。,he was her her to a a a her . _EOS,116.12933348636066,0.2727272727272727,0.5
134,can you direct me to the nearest subway station ?,最寄り の 地下 鉄 へ 行 く 道 を 教え て くれ ま せ ん か 。,will you me me the the the the the the the the ? _EOS,29.12800259648016,0.2857142857142857,0.4
135,"after all is said and done , he was a first @-@ rate novelist .",彼 は 結局 は 一流 の 小説 家 で あ っ た 。,he was a a of of of of of . . _EOS,139.13759212004578,0.3333333333333333,0.26666666666666666
136,drivers must observe the traffic rules .,運転 者 は 交通 規則 を 守 ら ね ば な ら な い 。,we must to to the the . . _EOS,35.6033079099511,0.3333333333333333,0.42857142857142855
137,he is not so much a politician as a merchant .,彼 は 政治 家 と い う より も むしろ 商人 だ 。,he is a he he he a . . _EOS,31.524150274880462,0.5,0.45454545454545453
138,he acceded to my proposal .,彼 は 私 の 提案 に 同意 し た 。,he gave his me me . _EOS,7.211781984531014,0.2857142857142857,0.3333333333333333
139,don &apos;t press your opinion on me .,自分 の 考え を 僕 に 押しつけ る な 。,don &apos;t &apos;t speak to others . _EOS,20.04825994691498,0.375,0.375
140,he played tennis .,彼 は テニス を し た 。,he _UNK a . . _EOS,18.880703031476802,0.3333333333333333,0.5
141,back into the hole where i was born .,薄汚 い 生まれ た 故郷 の 街 に 戻 っ て き た 。,it was was _UNK to _UNK the was . . _EOS,102.04051084591097,0.2727272727272727,0.3333333333333333
142,the car ran into a guardrail .,車 は ガードレール に 衝突 し た 。,the _UNK _UNK to in the . . _EOS,11.157231413278236,0.2222222222222222,0.2857142857142857
143,there are enough accidents without asking for one .,注意 し て い て も 事故 は いろいろ 起き て い ま す から ね 。,it &apos;s &apos;t you to to to to . . _EOS,86.77353085697648,0.09090909090909091,0.1111111111111111
144,neither of his students passed the exam .,彼 の 教え子 の 中 で その 試験 に 合格 し た 者 は い な かっ た 。,there was &apos;t to the to to the the the . . _EOS,504.5275811690331,0.15384615384615385,0.25
145,my tape recorder is compatible with your amplifier .,私 の テープ レコーダー は 君 の アンプ に も つなげ られ る 。,my _UNK is _UNK _UNK _UNK _UNK . _EOS,7.556256249010717,0.3333333333333333,0.3333333333333333
146,he was injured in a railway accident .,彼 は 列車 事故 で けが を し た 。,he took the the the train . _EOS,34.34612836802632,0.25,0.25
147,the batter struck out swinging .,バッター は 空振り の 三振 を し た 。,the _UNK _UNK _UNK the the _UNK . _EOS,19.557033281637306,0.2222222222222222,0.3333333333333333
148,"death is certain to all , all shall die .",死 は 万 人 に 来る べ き もの 、 すべて 人 は 死 す べ き もの な り 。,"you should not more , , not the . . _EOS",46.17600405085596,0.18181818181818182,0.2
149,i really enjoyed myself tonight .,今日 は 楽し かっ た 。,i was &apos;t from from the . . _EOS,155.9132042213705,0.2222222222222222,0.3333333333333333
150,i had written the letter when he came .,彼 が 来 た とき は 私 は その 手紙 を 書 き 終え て い た 。,he was that he he was was a he . . _EOS,25.208508570902367,0.16666666666666666,0.2222222222222222
151,"then , at last , the policeman lowered his arm .",そして 、 ようやく その 警官 は 腕 を 下げ た 。,the boy the _UNK a a the the the _UNK . _EOS,50.581736298526955,0.16666666666666666,0.18181818181818182
152,we kept on working for hours without eating anything .,我々 は 何 も 食べ ず に 何 時間 も 働 き 続け た 。,we have to to our our our . . _EOS,54.222911981198195,0.2,0.2
153,we talked over our problems .,私 達 は 、 自ら の 問題 に つ い て 話し合 っ た 。,we have a of of the the the . . _EOS,347.7755712282132,0.18181818181818182,0.3333333333333333
154,we had a very vigorous debate .,私 たち は とても 活発 な 討論 を し た 。,we _UNK a _UNK . _EOS,12.994474408778178,0.5,0.42857142857142855
155,i prefer spring to fall .,秋 より 春 の ほう が 好き だ 。,i like like like better _UNK . _EOS,54.46092598852088,0.25,0.3333333333333333
156,it is too far to go on foot from here to the hotel . better take a taxi .,ここ から ホテル まで 徒歩 で 行 く に は 遠 すぎ ま す 。 タクシー に お 乗 り なさ い 。,it you to to to to to to to a the it . . . . _EOS,36.41648630711021,0.4117647058823529,0.3684210526315789
157,everyone always speaks well of tony .,みんな いつ も トニー を ほめ る 。,i will always for . . _EOS,57.11354122422861,0.2857142857142857,0.2857142857142857
158,all of these abilities are passed on to us by genetic transmission ; we receive them by way of the genes that we inherit from our parents .,後者 の 能力 は すべて 遺伝 に よ っ て 私 達 に 伝え られ る 。 つまり 、 親 から 受け つ ぐ 遺伝 子 を 通 し て 私 たち は そう し た 能力 を 受け取 る の で あ る 。,"the _UNK of _UNK of the of , to _UNK , _UNK _UNK _UNK _UNK _UNK _UNK _UNK _UNK _UNK",51.68232846426234,0.2,0.14285714285714285
159,"in other words , i don &apos;t like to work with him .",言い換え れ ば 、 私 は 彼 と 働 き た く な い 。,i don &apos;t &apos;t have to to him . . _EOS,71.849456068132,0.5454545454545454,0.46153846153846156
160,mike managed to carry the suitcase by himself .,マイク は なん と か その スーツケース を 一人 で 運 ん だ 。,the is _UNK _UNK _UNK _UNK _UNK . _EOS,73.82887037659681,0.2222222222222222,0.2222222222222222
161,we need the receipt mr smith signed .,私 たち は スミス さん が サイン し た 領収 書 が 必要 で す 。,we have the _UNK our the the . _EOS,11.984782234990432,0.3333333333333333,0.375
162,they invited me to play cards .,彼 等 は トランプ を し な い か と 私 を 誘 っ て くれ た 。,he had to have to to he to . _EOS,118.46491334893466,0.2,0.2857142857142857
163,the sort of information we need is not always available .,私 たち が 必要 と する 情報 は 必ず しも 手 に 入 ら な い 。,we we we we we from not not not . . _EOS,31.311054388844155,0.25,0.2727272727272727
164,i helped an old lady across .,老 婦人 が 渡 る の を 助け た 。,my was was in in the . _EOS,58.840932798617914,0.125,0.14285714285714285
165,"somehow , all those reasons sound rather far fetched .",何 か 、 全部 、 こじつけ って 感じ が する ん だ けど ・ ・ ・ 。,"what , , , , , , you you . . . _EOS",113.97639427203096,0.15384615384615385,0.2
166,i entrusted my property to him .,彼 に 財産 管理 を 任せ た 。,he gave me to his his . _EOS,18.092709307534495,0.25,0.2857142857142857
167,we must take into account the wishes of all the family in planning a trip .,旅行 を 計画 する 場合 は 、 家族 全員 の 希望 を 考慮 す べ き だ 。,you should should to the _UNK _UNK _UNK . . . _EOS,66.56725445156991,0.16666666666666666,0.125
168,he dropped out when he was in the 7th grade .,彼 は 中一 の 時 学校 に 来 な く な っ た 。,he had a to to the the . . _EOS,36.24178417656722,0.3,0.2727272727272727
169,christmas is a good time to market new toys .,クリスマス は 新し い おもちゃ を うりだ す い い 機会 だ 。,i new a new new new . . _EOS,61.20817899818674,0.3333333333333333,0.3
170,i have been writing letters all morning .,私 は 午前 中 ずっと 手紙 を 書 い て い ま し た 。,i was been to in in in . . _EOS,20.032349848829945,0.3,0.375
171,the hotel is at the foot of a mountain .,その ホテル は 山 の ふもと に あ り ま す 。,the house is a the the the . . _EOS,20.45186224722973,0.5,0.5
172,i &apos;m putting up with him tomorrow .,明日 は 彼 の ところ に 泊ま る つもり だ 。,i will to tomorrow tomorrow tomorrow . _EOS,25.689058360811764,0.375,0.375
173,twenty @-@ five years from now there will be one retired person for each two working .,今 から ２５ 年 後 に は 、 就業 者 ２人 に つ き 退職 者 １人 の 割合 に な る だ ろ う 。,"_UNK _UNK _UNK _UNK , _UNK _UNK and _UNK and _UNK . . . . _EOS",74.80131575893697,0.0625,0.058823529411764705
174,she seems to have been happy .,彼女 は 幸せ で あ っ た よう だ 。,she came to the the the . _EOS,11.409864519102745,0.375,0.42857142857142855
175,the main crop of japan is rice .,日本 の 主要 作物 は 米 で あ る 。,japan is a a in in japan japan . . _EOS,66.68478113990123,0.2727272727272727,0.375
176,"everyone , whether an actual or potential patient .",患者 と 名 の つく すべて の 人 。,i of of of of of the the of . . _EOS,142.88376469725404,0.08333333333333333,0.1111111111111111
177,who am i ?,私 は 誰 な の だ ろ う か 。,i i do it ? _EOS,25.397750865261752,0.3333333333333333,0.5
178,i &apos;ll be waiting for you at the usual place .,いつ も の 場所 で 待 っ て い ま す 。,i &apos;m always in the the . . _EOS,66.091156300031,0.3333333333333333,0.2727272727272727
179,the village is connected with our town by a bridge .,その 村 と 我々 の 町 は 橋 で つなが っ て い ま す 。,the are is is _UNK of our . . _EOS,36.13706443437194,0.4,0.36363636363636365
180,warning - 18 + only .,十 八 禁 な の で 要 注意 ！,i _UNK ! ! _EOS,249.0482342405387,0.0,0.0
181,i am leaving for the united states tomorrow .,私 は 明日 アメリカ へ 出発 する 予定 で す 。,i will to to to tomorrow . _EOS,47.915607003072715,0.375,0.3333333333333333
182,greek is difficult to learn .,ギリシャ 語 は 覚え にく い 。,it &apos;s a in in . . _EOS,108.26369222302405,0.125,0.16666666666666666
183,i would like to go to austria in order to study music .,私 は 音楽 の 勉強 に オーストリア へ 行 き た い 。,i have to to to my my . . _EOS,56.26800949434674,0.5,0.38461538461538464
184,i received my bonus .,ボーナス を もら っ た 。,i got a _UNK . . _EOS,8.79764150243112,0.2857142857142857,0.4
185,i like the way she laughs at my jokes .,私 は 私 の ジョーク を 聞 い て 笑 う 時 の 彼女 が 好き だ 。,i like my my my my my my . _EOS,33.48589370138716,0.4,0.4
186,i heard my name called from behind me .,自分 の 名前 が 後ろ から 呼 ば れ る の が きこえ た 。,i was a of of of her of in my . . _EOS,71.91219649512283,0.23076923076923078,0.3333333333333333
187,she has an eye for the beautiful .,彼女 は 審美 眼 を 持 っ て い る 。,she has a in in . . _EOS,16.577056924335153,0.375,0.375
188,the big ugly tree destroys the beauty of the house .,その 大きな 醜 い 木 が その 家 の 美観 を 損ね て い る 。,the is is the the the the the the the . . _EOS,19.218710958890743,0.3076923076923077,0.36363636363636365
189,she fell ill a week ago .,彼女 は １ 週間 前 に 病気 に な っ た 。,she was to in the the the her . . _EOS,174.13894364284548,0.18181818181818182,0.2857142857142857
190,he is a frank person and easy to talk to .,彼 は ざっくばらん な 人柄 な の で 話 し やす い 。,he is not a a a a good . . _EOS,24.614728199033774,0.36363636363636365,0.36363636363636365
191,the garden is railed off from the path .,庭 は 柵 で 小道 と 仕切 ら れ て い る 。,the is is _UNK _UNK _UNK . _EOS,31.147542390060362,0.375,0.3333333333333333
192,i would like your picture .,君 の 写真 が 欲し い の で す が 。,i like like like better . . _EOS,13.669707198282412,0.375,0.5
193,he has every reason to quit his job .,彼 が 仕事 を 辞め る の も もっとも だ 。,it is a to is he is a . . _EOS,57.029295417580116,0.2727272727272727,0.3333333333333333
194,put the book where you found it .,その 本 を もと あ っ た 所 へ 置 き なさ い 。,please you the the the the the the book . _EOS,49.46787001041185,0.36363636363636365,0.5
195,i never see this picture without being reminded of my childhood .,この 写真 を 見 る と 、 私 は 必ず 子供 の ころ を 思い出 す 。,this is is to to i i i my . . _EOS,66.41042070997017,0.3333333333333333,0.3333333333333333
196,is this the right way to yokohama station ?,横浜 駅 へ 行 く の に は この 道 で い い の で す か 。,is is the the the the to the ? ? _EOS,21.26840396633957,0.36363636363636365,0.4444444444444444
197,he fell and broke his arm while he was skiing .,彼 は スキー を し て い る とき に 、 転 ん で 腕 を 折 っ た 。,he had his he had to to to to the . . _EOS,52.32926810188289,0.3076923076923077,0.36363636363636365
198,she gave me a look at her new car .,彼女 は 新車 を 見せ て くれ た 。,she was me a me . _EOS,60.586560599266214,0.5714285714285714,0.4
199,i &apos;d like to have mustard on the side .,マスタード を 別 に 持 っ て き て くださ い 。,please me to to the the . . . _EOS,21.660263857855682,0.3,0.3
200,"come what may , i &apos;m ready for it .",何 が 起こ ろ う と も 、 その 覚悟 は でき て い ま す 。,what all are you you you you . . _EOS,33.18328821975732,0.2,0.2
201,he has been in hokkaido before .,彼 は 北海道 に い た こと が あ る 。,he is a a for . _EOS,17.546821810505502,0.2857142857142857,0.2857142857142857
202,his face and attitude showed the scorn he felt .,彼 の 顔つき や 態度 に は 軽蔑 の 気持ち が 表れ て い た 。,his was was was his his his his his . . _EOS,53.785035272278094,0.16666666666666666,0.2
203,"except for bill , they were all in time .",ビル 以外 は みな 間に合 っ た 。,"the was , , to _UNK . . _EOS",135.00722938862893,0.2222222222222222,0.2
204,parents are usually concerned about their children &apos;s future .,たいてい の 親 は 自分 の 子供 の 将来 が 気 に な る もの で す 。,my father is to to to my the . . _EOS,62.78488389481918,0.09090909090909091,0.1
205,you know i can &apos;t .,そんな 事 でき な い の あなた 知 っ て で しょ う 。,i you you you you you you you . . _EOS,58.87508229150751,0.2727272727272727,0.5
206,"one day , the police raided a whole group of prostitutes , and the girl was among them .",ある 日 の こと 、 警察 が 娼婦 の 集団 を 手入れ し た 。 少女 も その 集団 の 一員 だっ た 。,a _UNK _UNK _UNK _UNK _UNK _UNK _UNK _UNK _UNK _UNK . . _EOS,40.22087417412147,0.14285714285714285,0.10526315789473684
207,where do you come from ?,どちら の ご 出身 で す か ？,do you you you ? ? _EOS,10.499819765914216,0.42857142857142855,0.5
208,that altered the aspect of the case .,それ で 形勢 が 変わ っ た 。,it _UNK _UNK _UNK . . _EOS,18.249855515208914,0.14285714285714285,0.125
209,i &apos;ve got a bit of an ache in my back .,私 は 背中 が 少し 痛 い 。,i &apos;m a a a _UNK . . _EOS,48.76198966179588,0.3333333333333333,0.25
210,my father &apos;s success counts for nothing to me .,父 の 成功 は 私 に 何 の 価値 も 無 い 。,my father have to to to my of . . _EOS,17.589600953776745,0.36363636363636365,0.4
211,i have a picture of an airport .,私 は 空港 の 写真 を 持 っ て い ま す 。,i have a money . . _EOS,30.342625924840075,0.5714285714285714,0.5
212,what do you intend to do ?,君 は 何 を する つもり な の 。,you you you you you . _EOS,16.36582357041813,0.14285714285714285,0.14285714285714285
213,this is as long as that .,これ と あれ は 同じ 長 さ で す 。,this is is the this . . _EOS,13.992705426925811,0.375,0.42857142857142855
214,i read fifty pages further .,私 は 更 に ５０ ページ 読 ん だ 。,i &apos;m a in in a _UNK . _EOS,365.6653556286388,0.2222222222222222,0.3333333333333333
215,his misspelling of that word eliminated him from the contest .,その 語 の 綴り を 間違 っ て 、 彼 は コンテスト に 失格 し た 。,the _UNK _UNK _UNK on _UNK on _UNK on _UNK . . _EOS,31.73039690241059,0.15384615384615385,0.18181818181818182
216,math is the last subject that i want to study .,数学 は 私 が 最も 勉強 し た く な い 教科 で す 。,i have to to my my . . _EOS,84.34452336616877,0.3333333333333333,0.2727272727272727
217,he has acted wisely .,彼 は 賢明 に 行動 し た 。,he got his with . . _EOS,23.38754391036247,0.2857142857142857,0.4
218,i want to surprise him .,私 は 彼 を あっ と 言 わ せ て や り た い 。,i don &apos;t him to him him him . _EOS,105.63161259660264,0.4,0.6666666666666666
219,you shouldn &apos;t eat anything cold .,冷た い 食事 は 、 避け て くださ い 。,"please like , , i . . . . _EOS",104.81968252420353,0.1,0.14285714285714285
220,he couldn &apos;t help laughing at it .,彼 は それ を 笑 わ ず に い られ な かっ た 。,he was not to to . _EOS,23.26608180151384,0.2857142857142857,0.25
221,quit lazing around and get moving !,グズグズ し て な い で さっさと 行動 しろ ！,"the _UNK , , _UNK _UNK _UNK _UNK _UNK _EOS",91.2265571750763,0.0,0.0
222,"japanese companies have set up factories on every continent , and japanese banks help finance many of the world &apos;s major economic programs .",日本 企業 は 全て の 大陸 に 工場 を 設立 し て い る し 、 日本 の 銀行 は 世界 の 主要 な 経済 計画 の 大国 財政 的 な 援助 を し て い る 。,the _UNK a a the of in the in in in in _UNK in _UNK _UNK _UNK . . .,91.52650788122361,0.15,0.125
223,"at last , we were home !",やっと 帰 っ て き た ぞ ！,you you ! ! ! _EOS,132.18114152173968,0.16666666666666666,0.14285714285714285
224,in spring everything looks bright .,春 に は すべて の もの が 明る く 見え る 。,the people of _UNK _UNK . _EOS,62.49822808574758,0.14285714285714285,0.16666666666666666
225,"miyuki has a camera , but she doesn &apos;t like it .",美由紀 は カメラ を 持 っ て い る 、 しかし 彼女 は それ が 好き で な い 。,the don &apos;t know that she that that . . _EOS,47.628756776802774,0.2727272727272727,0.25
226,where &apos;s the nearest pharmacy ?,ここ から 一番 近 い 薬局 は どこ で す か 。,where &apos;s the the _UNK the _UNK ? ? ? _EOS,22.156296796948695,0.36363636363636365,0.6666666666666666
227,that &apos;s beside the point .,それ は 的外れ だ 。,it &apos;s a it . . _EOS,16.907805312179555,0.2857142857142857,0.3333333333333333
228,how long have you been waiting for the bus ?,バス を どの くらい お 待 ち で す か 。,would you you your your in ? ? _EOS,33.32723232737657,0.2222222222222222,0.2
229,he burst into tears .,彼 は 突然 わっと 泣 き 出 し た 。,he was a _UNK a a . _EOS,212.15567974884254,0.25,0.4
230,thomas could not carry out his task on account of an accident .,トーマス は 事故 の ため に 仕事 を やり遂げ られ な かっ た 。,the _UNK was was to to the the the . . _EOS,38.394895564319356,0.08333333333333333,0.07692307692307693
231,he stood apart from us .,彼 は 我々 から 離れ て 立 っ た 。,he took the the the our . . _EOS,52.217618887868525,0.2222222222222222,0.3333333333333333
232,he doesn &apos;t travel much apart from occasional business trips .,彼 は 時々 出張 する こと は 別 と し て あまり 旅 を し な い 。,he is &apos;t _UNK to to to to to _UNK . _EOS,19.653033433600516,0.25,0.2727272727272727
233,he seemed worried about his health .,彼 は 体 を 心配 し て い る 様子 だっ た 。,he was with with his his . . _EOS,20.883360433416602,0.3333333333333333,0.42857142857142855
234,she read the letter with her heart beating fast .,彼女 は 胸 を どきどき さ せ て 、 その 手紙 を 読 ん だ 。,she _UNK a _UNK _UNK _UNK _UNK _UNK . . _EOS,36.27430730406882,0.18181818181818182,0.2
235,"i &apos;m glad to meet you , too , mr ito .",私 も 伊藤 さん に お 目 に かか れ て 光栄 で す 。,it is _UNK _UNK _UNK _UNK _UNK . . _EOS,64.61303130487227,0.1,0.08333333333333333
236,he whispered slyly to me .,彼 は こっそり ささや い た 。,he was a _UNK . . _EOS,11.133013941139362,0.2857142857142857,0.3333333333333333
237,i have faith in your ability to do the right thing .,あなた は 正し い こと が でき る と 信 じ て い ま す 。,i can you you you you can can . . _EOS,37.5317401967923,0.18181818181818182,0.16666666666666666
238,i was surprised at you and your brother appearing on tv .,私 は 君 たち 兄弟 が テレビ に 出 て い て ビックリ し た 。,i was looking with to on on on . . _EOS,30.025519330207132,0.36363636363636365,0.3333333333333333
239,will you excuse me for just a moment ?,ちょっと 失礼 し て よ い で しょ う か 。,will you you me a ? ? _EOS,37.90831457896445,0.625,0.5555555555555556
240,go ahead with your story .,どうぞ 話 を 続け て 下さ い 。,please yourself a to a . . _EOS,83.51903879162772,0.125,0.16666666666666666
241,they attributed the low death rate of infants to the progress of medicine .,彼 ら は 幼児 の 死亡 率 の 低 さ は 医学 の 進歩 の ゆえ と 考え た 。,they _UNK a _UNK the _UNK _UNK _UNK _UNK _UNK . . _EOS,32.998896042740995,0.23076923076923078,0.21428571428571427
242,excessive drinking is destructive of our health .,深酒 は 体 に よ く な い 。,the is is _UNK to . . _EOS,25.412411756388938,0.25,0.25
243,he is at home in american literature .,彼 は 米 文学 に 精通 し て い る 。,he is a in in _UNK _UNK . _EOS,26.24622255753178,0.4444444444444444,0.5
244,people used to laugh at him behind his back .,人々 は 陰 で 彼 を 嘲笑 し た もの だっ た 。,he was the the the the . _EOS,148.85669544230248,0.125,0.1
245,the men have been shorn of their power .,彼 ら は 権限 を 剥奪 さ れ た 。,they _UNK _UNK _UNK . . _EOS,119.71162898421878,0.14285714285714285,0.1111111111111111
246,my tongue failed me .,私 は 口 が きけ な かっ た 。,i was &apos;t the the the . _EOS,1362.3596888905295,0.125,0.2
247,are you referring to me ?,君 は 僕 の こと を 言 っ て い る の か 。,do you you me for ? ? _EOS,9.232513910283746,0.375,0.5
248,there was a murmur when she entered the room .,彼女 が 部屋 に は い っ た とき 、 ささやき が 聞こえ た 。,"she was that , i i i her her her her . . _EOS",30.918381910862458,0.21428571428571427,0.3
249,this is longer than any other bridge in the world .,これ は 世界 の どの 橋 より も 長 い 。,this is is than than than than than than . . _EOS,28.379515706899884,0.3333333333333333,0.36363636363636365
250,we agreed among ourselves .,我々 は お 互い に 意見 が 一致 し た 。,we got a the the . . _EOS,191.81062374394494,0.25,0.4
251,i don &apos;t know which is which .,どっち が どっち な の か 分か ら な い 。,i have &apos;t a a my . . _EOS,23.42919934711515,0.3333333333333333,0.375
252,patty is a smart student .,パティー は 利口 な 学生 だ 。,_UNK is a _UNK _UNK . _EOS,7.614599498509907,0.42857142857142855,0.5
253,christi &apos;s mysteries are most decidedly interesting .,クリスティー の 推理 小説 は 断然 面白 い 。,the _UNK is a _UNK _UNK _UNK _UNK _UNK . _EOS,53.28629057839628,0.09090909090909091,0.125
254,we had much rain last year .,昨年 は 雨 が 多 かっ た 。,the was was in in the last . _EOS,21.89783833686295,0.2222222222222222,0.2857142857142857
255,did you feel the earth shake last night ?,ゆうべ 地震 を かん じ ま し た か 。,have you have a of this ? ? _EOS,20.205519661697096,0.2222222222222222,0.2222222222222222
256,i really feel for you .,気持ち は よく 分か る よ 。,the will will be in in . _EOS,65.6324279499804,0.125,0.16666666666666666
257,he is too tall to stand straight in this room .,彼 は 背 が 高 すぎ て 、 この 部屋 で は まっすぐ に 立て な い 。,"he is not , a a in in in in . . _EOS",29.118781415872323,0.3076923076923077,0.36363636363636365
258,"keisuke has always studied in this mansion . that style known as &apos; home schooling &apos; , right ?",啓介 さん は 、 この お 屋敷 で 、 ずっと お 勉強 し て い る ん で す 。 いわゆる ホーム スクーリング と い う 形 で す ね 。,"_UNK _UNK , , , , _UNK , _UNK _UNK _UNK . . . . . _EOS",72.67460015927928,0.11764705882352941,0.10526315789473684
259,the hound was in full chase of the bear .,猟犬 は 熊 を 必死 に な っ て 追いかけ て い た 。,the _UNK was in the _UNK . _EOS,24.07173949133615,0.625,0.5
260,people love to inspect each other &apos;s houses .,人 は 互い の 家 を 詳し く 調べ る の が 大好き だ 。,i people a of of people people people . _EOS,49.57421580376312,0.2,0.2222222222222222
261,i made efforts to improve my grades .,私 は 成績 を 上げ る よう 努力 し た 。,i had the the the . . _EOS,22.86100999529109,0.25,0.25
262,he laughed off his own bad reputation .,彼 は 自分 の 悪評 を 一笑 に 付 し た 。,he _UNK his _UNK _UNK _UNK . _EOS,58.103331164199034,0.375,0.375
263,he told me a long story .,彼 は 私 に 長 い 物語 を 話 し て くれ た 。,he made a for for me me . _EOS,28.342145273804597,0.4444444444444444,0.5714285714285714
264,"as long as it doesn &apos;t get cold , it &apos;s okay .",寒 く な り さえ し な けれ ば い い の で す 。,we have &apos;t you you a it it . . _EOS,73.02863534956349,0.36363636363636365,0.3076923076923077
265,i am acquainted with the custom .,私 は その しきたり を よく 知 っ て い る 。,i know know to the . . _EOS,16.84127405013981,0.375,0.42857142857142855
266,the boy could not so much as write his own name .,その 少年 は 自分 の 名前 さえ 書 く こと が でき な かっ た 。,the boy could &apos;t &apos;t the the . _EOS,42.77014086357772,0.4444444444444444,0.3333333333333333
267,nowadays many people live to be over seventy years old .,今日 で は ７０ 歳 以上 まで 生き る 人 は 多 い 。,today you you in in in in in this this this . . . _EOS,134.36635553879236,0.06666666666666667,0.09090909090909091
268,her beautiful dress drew my attention .,彼女 の 美し い 服 が 私 の 注意 を 引 い た 。,her her _UNK her her my . . _EOS,20.558945110577056,0.3333333333333333,0.42857142857142855
269,we shall start after breakfast .,朝食 後 、 出発 し ま しょ う 。,i will you you you a . . _EOS,67.51587208307956,0.1111111111111111,0.16666666666666666
270,at times i feel like quitting my job .,私 は ときどき 仕事 を やめ た い 気 が する 。,i have a to to my the work work . _EOS,99.88359804267971,0.2727272727272727,0.3333333333333333
271,how did it come out ?,結果 は どう な り ま し た か 。,what did you like ? _EOS,14.009427400654246,0.3333333333333333,0.3333333333333333
272,you are trusted by every one of us .,あなた は 私 たち の 誰 から も 信頼 さ れ て い る 。,you is is of of of the of . . _EOS,19.762324125913537,0.2727272727272727,0.3333333333333333
273,the report revealed that many teenagers are alcoholics .,その 報告 書 から １０ 代 の 多く の 子供 が アルコール 中毒 に かか っ て い る こと が 分か っ た 。,the _UNK the the of in the of of the the of the the . . _EOS,58.554628416152504,0.11764705882352941,0.2222222222222222
274,"he flew to chicago , where he happened to see a friend .",彼 は シカゴ に 飛 ん だ 。 そして そこ で たまたま あ る 友人 に 会 っ た 。,he was to to to to to to the the . . _EOS,34.3819111131256,0.3076923076923077,0.3076923076923077
275,please leave me alone .,私 を 一人 に し て お い て くださ い 。,please me help me . . _EOS,15.075359314288672,0.42857142857142855,0.6
276,"tamori was born in 1945 , that is , when world war ii ended .",田森 は 、 １９４５ 年 すなわち 第 二 次 世界 大戦 が 終わ っ た 年 に 生まれ た 。,the _UNK _UNK _UNK _UNK the the _UNK _UNK . . _EOS,31.280586070907567,0.08333333333333333,0.06666666666666667
277,beware of thefts in a big city .,都会 で は 泥棒 に 気 を つけ な さ い 。,let must not in in in . . _EOS,32.55485431884555,0.2222222222222222,0.25
278,he easily gets angry at trivial things .,彼 は ちょっと し た こと で すぐ 怒 る 。,he is he he a it . _EOS,41.502706444594445,0.25,0.25
279,he walked all the way home .,彼 は 、 家 まで ずっと 歩 い た 。,he was a in the the the . _EOS,27.40182137204616,0.3333333333333333,0.42857142857142855
280,her kind action strongly impressed me .,彼女 の 親切 な 行為 に 私 は 強 く 心 を 動か さ れ た 。,her her her her to _UNK . _EOS,22.6207682746078,0.25,0.2857142857142857
281,women ought to be as glad to be women as men are to be men .,女 は 女 で あ る こと を 、 男 が 男 で あ る こと を 喜 ぶ よう に 喜 ぶ べ き で あ る 。,my to is my to to to to to to to _UNK _UNK . . _EOS,49.836590040177384,0.25,0.25
282,it will be ready soon .,すぐ に 出来 ま す 。,i &apos;ll get to it . . _EOS,11.279813210091758,0.25,0.3333333333333333
283,"by the time you come back , i &apos;ll be gone .",きみ が もど っ て 来る ころ に は 、 ぼく は 出かけ て しま っ て い る よ 。,"the the the the when , , , the he was is . . _EOS",51.21618300923737,0.2,0.25
284,"the last time i went to china , i visited shanghai .",この 前 中国 へ 行 っ た とき 、 上海 を 訪れ た 。,"he had to _UNK _UNK , , to _UNK _UNK the . . . _EOS",39.325542219424676,0.26666666666666666,0.3333333333333333
285,we must wait for a few weeks to see the lilacs .,ライラック の 花 を 見 る に は ２、３ 週間 待 た ね ば な ら な い 。,you must must the the the the the the in in the the . . _EOS,44.82762139101833,0.1875,0.25
286,it began to dawn .,夜 が 明け 始め た 。,the was was _UNK _UNK . _EOS,99.73608307145446,0.14285714285714285,0.2
287,democracy will be victorious in the long run .,けっきょく 、 民主 主義 が 勝利 を 得 る だ ろ う 。,"_UNK _UNK _UNK , , _UNK _UNK _UNK . . _EOS",21.99147517144808,0.09090909090909091,0.1111111111111111
288,the two countries negotiated a treaty .,両国 は 条約 を 取り決め た 。,the _UNK _UNK _UNK in . . _EOS,12.106744597558741,0.25,0.2857142857142857
289,i don &apos;t feel like eating now .,私 は 今 食べ る 気 に な ら な い 。,i don &apos;t to to . . _EOS,14.578140609334215,0.5,0.5
290,is there anything else you want me to do ?,何 か 他 に 僕 に し て 欲し い こと は な い で す か 。,what do you you to to to to to to ? ? _EOS,41.79773055503158,0.3076923076923077,0.4
291,he has collected twice as many stamps as i have .,彼 は 切手 を 私 の 二 倍 集め て い る 。,he is a to me . _EOS,354.400004833372,0.2857142857142857,0.18181818181818182
292,"later , chris felt ashamed and apologized and beth forgave him .",後 に な っ て 、 クリス は 自分 の 行い を 恥ずかし く 思 い 、 彼女 に 謝 る と 、 ベス は 彼 を 許 し て くれ ま し た 。,"she went a , , you , you _UNK _UNK . . _EOS",85.36524613401545,0.15384615384615385,0.16666666666666666
293,you should on no account cheat in the exam .,決して カンニング を し て は いけ ま せ ん 。,let must &apos;t let the the _UNK . _EOS,57.0296657013863,0.2222222222222222,0.2
294,the boy lay listening to the radio .,少年 は ラジオ を 聞き ながら 横 に な っ て い た 。,the had was in in in the the . . _EOS,38.35844217330869,0.2727272727272727,0.375
295,how long is the rainbow bridge ?,レインボウ ブリッジ の 長 さ は どの くらい で す か 。,how long _UNK _UNK _UNK _UNK _UNK ? _EOS,10.578623329857642,0.3333333333333333,0.42857142857142855
296,he is too dumb to fear danger .,あいつ は 馬鹿 だ から 、 怖 い も の 知 ら ず だ 。,"he is a , , , a is a a a than you . . . _EOS",91.74038118624824,0.17647058823529413,0.375
297,she forced me to go out with her .,彼女 は 強制 的 に 私 を 一緒 に 連れ出 し た 。,she made _UNK _UNK in the _UNK . . _EOS,25.876178287580412,0.2,0.2222222222222222
298,i looked for someone to take her place .,私 は 誰 か が 彼女 の 代わり を する 人 を 探 し た 。,i made the of her her her . . _EOS,22.3246721622769,0.3,0.3333333333333333
299,you will not get there on time .,時間 通り に は 着け な い よ 。,it &apos;s no _UNK in the . . _EOS,17.68851535076456,0.1111111111111111,0.125
300,mr kennedy pointed out our mistakes .,ケネディ 氏 は 、 私 達 の ミス を 指摘 し ま し た 。,_UNK _UNK _UNK _UNK _UNK _UNK _UNK . . _EOS,130.95366829669473,0.1,0.14285714285714285
301,he has taken to gardening .,彼 は 庭 いじり を する よう に な っ た 。,he _UNK his _UNK _UNK the _UNK . _EOS,36.38851156633478,0.2222222222222222,0.3333333333333333
302,you had to study english .,英語 を 勉強 し な けれ ば な ら な かっ た 。,i had to to my my . _EOS,12.946764337917202,0.375,0.5
303,there was eternal twilight in the place .,そこ に は 消え る こと の な い 薄明かり が あ っ た 。,there there there no of of her . _EOS,10.689587022582886,0.2222222222222222,0.25
304,i &apos;m glad to see you .,私 は あなた に あえ て うれし い 。,i &apos;m to to to to . . _EOS,8.030747659232146,0.4444444444444444,0.5714285714285714
305,the fisherman cast his line into the water .,漁師 は 釣り糸 を 水中 に 投げ た 。,the _UNK _UNK in in the . . _EOS,32.295355620190165,0.3333333333333333,0.3333333333333333
306,this morning it was much cooler than yesterday morning .,今朝 は 昨日 の 朝 より も ずっと 涼し かっ た 。,i was a in in in in the year . _EOS,26.728441300008623,0.18181818181818182,0.2
307,bill has the makings of an excellent scientist .,ビル は 優秀 な 科学 者 に な る 素質 を 持 っ て い る 。,i have a a _UNK _UNK _UNK _UNK _UNK . . _EOS,37.683643262292556,0.08333333333333333,0.1111111111111111
308,she has a good command of english though she was brought up in japan .,彼女 は 日本 で 育 っ た に も かかわ ら ず 、 英語 を 自由 に 使 い こな す 。,she is _UNK in in in in in _UNK . . . . _EOS,36.07714591882633,0.21428571428571427,0.2
309,"i know him by name , but not by sight .",あの 人 は 顔 は 知 ら な い が 名前 は 知 っ て い る 。,that &apos;s that that that is is is . . _EOS,81.08357107696568,0.09090909090909091,0.09090909090909091
310,jane kicked at our decision .,ジェーン は 私 たち の 決定 に 反対 し た 。,it was a for for . . _EOS,61.940027350798445,0.125,0.16666666666666666
311,he keeps a small poultry yard .,彼 は 小さな 鶏舎 を 持 っ て い る 。,he has a _UNK in . . _EOS,7.9322238644972725,0.375,0.42857142857142855
312,"keep your eyes wide open before marriage , half shut afterwards .",結婚 前 は 両眼 を 大き く 見開 い て おれ 、 その 後 は 、 その 半ば を 閉じ よ 。,the &apos;s the _UNK will _UNK _UNK _UNK _UNK _UNK _UNK _UNK _UNK _UNK _UNK _UNK the _UNK . .,276.3787488320753,0.05,0.08333333333333333
313,i left my hat as i got off the train .,電車 を 降り た とき に 帽子 を 忘れ た 。,i got the to for for the her . . _EOS,43.137523315530906,0.36363636363636365,0.36363636363636365
314,tom &apos;s friends called him mr money bags .,トム の 友達 は 彼 の こと を 「 マネー バッグ 」 と 呼 ん だ 。,he _UNK his his his _UNK . _EOS,128.630804460657,0.125,0.1111111111111111
315,he was so childish that he couldn &apos;t resist temptation .,彼 は あまり に 子供 だ から 誘惑 に かて な かっ た 。,he was not to the the the . . _EOS,42.573760745327235,0.3,0.2727272727272727
316,are there any discount tickets for me ?,何 か 割引 切符 は あ り ま す か 。,do you have _UNK _UNK ? _EOS,61.203251064991576,0.14285714285714285,0.125
317,he turned a deaf ear to my advice .,彼 は 我々 の 忠告 に 耳 を 貸 さ な かっ た 。,he was &apos;t let the the the . _EOS,28.726880072552806,0.2222222222222222,0.2222222222222222
318,i read at least one book every month .,私 は 少な く とも 毎月 １ 冊 は 本 を 読 み ま す 。,i &apos;m a to from the the day . _EOS,13.147238933502509,0.2,0.2222222222222222
319,my sister cheers young sumo wrestlers .,姉 は 若 い 力士 を 応援 し て い ま す 。,the is is _UNK _UNK _UNK _UNK . _EOS,29.071005175075967,0.1111111111111111,0.14285714285714285
320,but his friends call him ken .,しかし 彼 の 友達 は 彼 を ケン と 呼 ぶ 。,his him him him him him . _EOS,43.00542155826216,0.375,0.42857142857142855
321,she complained to him that it was too short a notice .,彼女 は 、 それ は あまり に 急 な 知ら せ だ と 彼 に ぐち を こぼ し た 。,she _UNK that that that a _UNK _UNK _UNK _UNK _UNK _UNK . . _EOS,24.67725451788349,0.26666666666666666,0.3333333333333333
322,turn off the television . i can &apos;t concentrate .,気 が 散 る から テレビ を 消 し て く れ 。,_UNK _UNK _UNK _UNK _UNK _UNK . . _EOS,90.28832798177092,0.2222222222222222,0.2
323,who knows ?,誰 が 知 る もの か 。,who is you ? ? _EOS,38.304872093535465,0.3333333333333333,0.6666666666666666
324,my little brother asked for some money .,弟 が お 金 を 頂戴 と 言 い ま し た 。,i _UNK money money money money . _EOS,40.508231705834255,0.25,0.25
325,it will make for the society .,それ は 社会 に 寄与 する の だ 。,it &apos;s a to a the the . _EOS,25.87436358128749,0.3333333333333333,0.42857142857142855
326,i had my picture taken .,私 は 私 の 写真 を と っ て もら い ま し た 。,i was my my my my my . . _EOS,88.79381690112794,0.3,0.5
327,he paid me a compliment .,彼 は 私 に お 世辞 を 言 っ た 。,he asked me me to _UNK . _EOS,11.03522829400514,0.375,0.5
328,we have got to get him to take that project seriously .,あの プロジェクト に つ い て 彼 を 本気 に さ せ な い と 。,he must have to to to his his him him him . . _EOS,43.81665016249104,0.35714285714285715,0.4166666666666667
329,there is nobody who fulfils these conditions .,この 条件 に 該当 する 人 は 誰 も い な い 。,there is is not of this this _UNK . . _EOS,45.416529123537806,0.2727272727272727,0.375
330,are you the prophet ?,あなた は 預言 者 で す か 。,are you you _UNK ? ? _EOS,5.122263206090061,0.42857142857142855,0.6
331,let sleeping dogs lie .,眠れ る 獅子 は 起こ す な 。,we is not _UNK _UNK _UNK . . _EOS,935.8532757692011,0.1111111111111111,0.2
332,i think most people are better off now than they used to be .,たいてい の 人 が 以前 より も 暮らし 向き が よ い と 思 う 。,i think you think is be in in in in . . _EOS,47.69814481588456,0.3076923076923077,0.2857142857142857
333,let &apos;s talk it out .,話 を つけ よう じゃ な い か 。,don &apos;t let me a for ? ? _EOS,64.36265829254029,0.1111111111111111,0.16666666666666666
334,have you read today &apos;s paper ?,今日 の 新聞 は 読 み ま し た か 。,how you your your your ? ? _EOS,10.199575217525595,0.25,0.2857142857142857
335,i insist on your being present .,私 は あなた に ぜひ 出席 し て もら い た い 。,i want to to to in in at . . _EOS,268.8856098816775,0.18181818181818182,0.2857142857142857
336,thank you very much for your thoughtful present .,心づくし の 品 を 頂き ありがとう ござ い ま す 。,i _UNK _UNK _UNK _UNK _UNK _UNK . . _EOS,35.25779965590447,0.1,0.1111111111111111
337,beth was always up a tree .,ベス は いつ も 途方 に くれ て い た 。,the was always always to the the . . _EOS,60.763808051028406,0.3,0.42857142857142855
338,new york is the busiest city in the world .,ニューヨーク は 世界 で 最も にぎやか な 街 だ 。,she is a a in a a a . . _EOS,29.429680640639813,0.2727272727272727,0.3
339,it follows from this that the company is not responsible for the accident .,この こと から 、 会社 に は 事故 の 責任 が 無 い こと に な る 。,"this is , , , , can can can this this . . _EOS",71.09642245474929,0.21428571428571427,0.21428571428571427
340,there was no one but wept to hear the story .,その 話 を 聞 い て 泣 か な い 人 は い な かっ た 。,i was not not to to the the the . _EOS,19.09183938849186,0.36363636363636365,0.36363636363636365
341,mary really takes after her mother .,メアリー は 母親 に 良く 似 て い る 。,mary &apos;s very on on . . _EOS,23.977266260877514,0.25,0.2857142857142857
342,i beat him at golf .,私 は ゴルフ で 彼 を 負か し た 。,i got him the on . . _EOS,26.930175389744466,0.375,0.5
343,the last wound proved fatal .,最後 の 傷 が 致命 的 で あ る と わか っ た 。,the _UNK _UNK _UNK _UNK . _EOS,15.51686719406614,0.2857142857142857,0.3333333333333333
344,mr frost is eligible for the post .,フロスト 氏 は その 地位 に つ く 資格 が あ る 。,the _UNK has in in the the the . . _EOS,62.89949545831313,0.18181818181818182,0.25
345,a number of passengers were injured in the accident .,その 事故 で たくさん の 乗客 が けが し た 。,the was a the the the the the the . . _EOS,28.069409693845728,0.25,0.3
346,i plan to go skiing with my girlfriend .,僕 は ガール フレンド と 一緒 に スキー に 行 く 予定 で す 。,we &apos;m on on on . . _EOS,76.37612452247411,0.125,0.1111111111111111
347,the automobile industry is one of the main industries in japan .,自動 車 産業 は 日本 の 大きな 産業 の ひと つ で あ る 。,the is is in in in _UNK . . _EOS,52.286193136350015,0.4,0.3333333333333333
348,some speculators take advantage of the ignorance and helplessness of old people .,相場 師 の 中 に は 老人 の 無知 と 寂し さ に 付け込 む 奴 が い る 。,a _UNK _UNK _UNK a _UNK _UNK _UNK _UNK _UNK _UNK _UNK . _EOS,36.148547162355825,0.07142857142857142,0.07692307692307693
349,we can just about read each other &apos;s minds .,彼 と 僕 は ツーカー の 仲 だ 。,i like his and and _UNK . . _EOS,185.59418393414904,0.1111111111111111,0.1
350,the troops maintained their ground .,部隊 は 陣地 を 守 り 続け た 。,the _UNK _UNK _UNK _UNK _UNK . _EOS,37.12300684084266,0.25,0.3333333333333333
351,marry first and love will follow .,まず 結婚 しろ 。 そう すれ ば 愛情 と は あと で 生まれ て くる 。,"i &apos;m the , , , , the in the the the in . . . _EOS",386.6786799575496,0.058823529411764705,0.14285714285714285
352,"besides being ignorant , he is too proud .",彼 は 無知 で あ る 上 に 、 傲慢 で も あ る 。,he is a _UNK _UNK _UNK _UNK _UNK _UNK . _EOS,138.0554213590307,0.2727272727272727,0.3333333333333333
353,you &apos;d better go there on foot .,そこ に は 歩 い て 行 っ た 方 が い い よ 。,there &apos;s there at at at there it . . _EOS,29.326201830418963,0.18181818181818182,0.25
354,it was careless of you to miss the bus .,バス に 乗り 遅れ る なんて 君 は 不 注意 だっ た ね 。,it was you for for for in in in the . . _EOS,18.66832322900438,0.38461538461538464,0.5
355,in my analysis i rely considerably on the types of authoritarian behaviour first analyzed by kurz .,分析 に お い て は 、 クルツ に よ っ て 最初 に 分析 さ れ た 権威 的 行動 の 類型 に 負 っ て い る 部分 が 大き い 。,"a is a _UNK _UNK _UNK , _UNK _UNK a _UNK _UNK _UNK _UNK _UNK _UNK _UNK . . .",42.83555494178057,0.05,0.058823529411764705
356,when will you be free ?,君 は いつ 暇 に な り ま す か 。,do you have a _UNK ? _EOS,14.851840893660732,0.2857142857142857,0.3333333333333333
357,let &apos;s get together tomorrow .,明日 集ま り ま しょ う 。,let will be tomorrow tomorrow . _EOS,5.3929189586735315,0.42857142857142855,0.5
358,you really put that much in the sandwich ?,そんな に 沢山 パン に 乗 る ん か？,we you you you you you . . _EOS,32.60578282276506,0.1111111111111111,0.1111111111111111
359,he is a proficient pianist .,彼 は 熟練 の ピアニスト だ 。,he is a a of _UNK . _EOS,8.702723466128162,0.5,0.6666666666666666
360,i cannot help falling in love with you .,私 は あなた を 好き に な ら ず に は い られ な い 。,i cannot &apos;t help to help help . _EOS,23.736041507523463,0.4444444444444444,0.4444444444444444
361,i think the thai food at this place is seasoned so japanese will like it .,やはり 、 ここ の タイ 料理 の 味付け は 、 日本 人 好み に し て あ る ん だ ね 。,_UNK of the are the _UNK are the _UNK _UNK _UNK . . _EOS,98.81413783105451,0.14285714285714285,0.125
362,his depression came to an end when she kissed him .,彼 の 憂うつ は 彼女 が キス を する と 晴れ た 。,his _UNK _UNK _UNK his _UNK . _EOS,100.28960629542601,0.25,0.18181818181818182
363,"jane didn &apos;t play tennis , did she ?",ジェーン は テニス を し ま せ ん で し た ね 。,the teacher was a _UNK . . _EOS,111.25524118578421,0.0,0.0
364,give me something to eat .,私 に 何 か 食べ物 を 下さ い 。,have me me a for . . _EOS,16.552970399606572,0.25,0.3333333333333333
365,we watch television every evening .,私 達 は 毎晩 テレビ を 見 る 。,we _UNK _UNK _UNK . _EOS,24.351036131655682,0.3333333333333333,0.3333333333333333
366,"as soon as we get the answer , we &apos;ll phone you .",僕 たち に 答え が わか っ た ら すぐ に 君 に 電話 する よ 。,"we we will , you you we we we we . . _EOS",28.4388021591324,0.38461538461538464,0.38461538461538464
367,what we need now is a rest .,今 私 たち に 必要 な の は 休息 で す 。,it is &apos;t have a of of . _EOS,13.427017505467422,0.3333333333333333,0.375
368,i don &apos;t think we should do that .,そう する べ き で は な い と 思 う 。,i don &apos;t get to to be . . _EOS,7.945995724585787,0.4,0.4444444444444444
369,i came to the conclusion that i had been deceived .,私 は だま さ れ て い た の だ と い う 結論 に 達 し た 。,i was a i i i i was a . . _EOS,29.938966435565124,0.25,0.2727272727272727
370,i met ken yesterday .,昨日 ケン に 会 っ た 。,i met yesterday yesterday yesterday yesterday . _EOS,12.72950662769281,0.5,0.8
371,"insure it , please .",保険 を かけ て 下さ い 。,please you the to for . . _EOS,43.80284210687985,0.25,0.4
372,have a nice vacation .,良 い 休暇 を 。,i &apos;s a for . . _EOS,44.876597397179886,0.2857142857142857,0.4
373,we found out recently that some foxes live here on this mountain .,この 山 に は 狐 が 住 ん で い る と い う こと が 最近 わか っ た 。,the was a _UNK the the in the the the . _EOS,44.74499200974519,0.08333333333333333,0.07692307692307693
374,he was too tired to walk any more .,彼 は 疲れ すぎ て い て もう それ 以上 歩け な かっ た 。,he was not tired to to . . . _EOS,7.581124263596433,0.5,0.5555555555555556
375,plants are nourished by earth .,植物 は 土壌 で 育 つ 。,the the _UNK the _UNK . _EOS,31.073092336954456,0.14285714285714285,0.16666666666666666
376,he suffered a nervous breakdown .,彼 は 神経 衰弱 に な っ て い た 。,he was a in in . . _EOS,22.107116072950202,0.375,0.5
377,miho is the girl i like best .,ミホ は 私 が 一番 好き な 女の子 で す 。,the like like _UNK _UNK _UNK . _EOS,22.269501757186717,0.375,0.375
378,he seems to be rich .,彼 は 金持ち で あ る よう に 思 わ れ る 。,he is he he he is a . _EOS,21.317962478867464,0.2222222222222222,0.3333333333333333
379,john claimed that the dishonest salesman had tricked him into buying a useless piece of machinery .,ジョン は 、 その 不 誠実 な セールスマン が 、 彼 を だま し て 無用 な 機械 を 買 わ せ た と 主張 し た 。,the _UNK _UNK _UNK _UNK _UNK _UNK _UNK _UNK _UNK _UNK _UNK _UNK . . . _EOS,61.18981823862256,0.11764705882352941,0.11764705882352941
380,i shudder to think of it .,それ を 考え る と ぞっと する 。,it it to it it . . _EOS,9.67944009174481,0.375,0.42857142857142855
381,his life is free from care .,彼 の 生活 は 心配 が な い 。,his cannot is no his his . . _EOS,15.926453765707311,0.3333333333333333,0.42857142857142855
382,"drive more carefully , or you will run into trouble .",もっと 注意 深 く 運転 し な けれ ば 、 事故 に 巻き込 ま れ ま す よ 。,"you you will , , , , you you to to to the the the _EOS",106.20179497695784,0.1875,0.2727272727272727
383,there is a strong presumption against its truth .,それ が 間違 っ て い る 可能 性 が 非常 に 強 い 。,it &apos;s that that that a a it . . _EOS,43.24765393151893,0.18181818181818182,0.2222222222222222
384,i am badly in need of your help .,私 は あなた の 助け が とても 必要 で す 。,i am a of of you . _EOS,30.601200730719004,0.5,0.4444444444444444
385,she was transferred from the head office to a branch office last month .,彼女 は 先月 本社 から 支社 へ 転勤 さ せ られ た 。,she was _UNK by to the the _UNK _UNK . _EOS,31.44918047965298,0.45454545454545453,0.35714285714285715
386,"i met the man , who showed me the way .",私 は その 男 に 会 っ た 。 する と 彼 は 私 に 道 を 教え て くれ た 。,i asked the the to to to the to the . . . _EOS,21.802592362013552,0.2857142857142857,0.36363636363636365
387,what slips in and out of view in the background is the real estate slump of recent years .,背後 に 見え隠れ する の は 近年 の 不 動産 不況 だ 。,_UNK _UNK _UNK _UNK _UNK _UNK _UNK _UNK _UNK . . _EOS,46.33410518679978,0.08333333333333333,0.05263157894736842
388,she painted the wall red .,彼女 は その 塀 を 赤 く 塗 っ た 。,she made the the the . _EOS,22.671764669692486,0.42857142857142855,0.5
389,they had to clean out the goods in stock within the year .,彼 ら は 年内 に 在庫 品 の かた を つけ な けれ ば な ら な かっ た 。,they had _UNK _UNK _UNK _UNK _UNK _UNK _UNK . . _EOS,32.23118590987124,0.25,0.23076923076923078
390,carlos climbed the mountain .,カルロス は 山 を 登 っ た 。,the _UNK _UNK _UNK _UNK . . _EOS,71.97860090334588,0.25,0.4
391,i don &apos;t know any french .,私 は フランス 語 は 少し も 知 ら な い 。,i can not not speak speak in . . _EOS,14.992616160713427,0.2,0.2857142857142857
392,i can &apos;t tell his twin sisters apart .,彼 の 双子 の 妹 たち を 区別 する こと が でき な い 。,i can &apos;t his his his _UNK . _EOS,9.988052173070471,0.5555555555555556,0.5555555555555556
393,we learn to read and write .,我々 は 読み書き を なら う 。,we _UNK _UNK at . _EOS,128.0386375684084,0.3333333333333333,0.2857142857142857
394,try to speak english as often as possible if you want to improve your english .,英語 を 上達 さ せ た い なら 、 でき る だけ 英語 を 話 す よう に つとめ なさ い 。,"if to , , i i i to the the the the the . . . _EOS",53.93753544120964,0.23529411764705882,0.25
395,people can turn to the law if they want to correct an injustice .,人 は 不正 を 正 し た い とき は 法律 に 頼 る こと が 出来 る 。,"we can can have to , to to _UNK _UNK _UNK . . _EOS",32.56790878662043,0.2857142857142857,0.2857142857142857
396,there were no hats in that store that fit me .,あの 店 に は 私 に 合 う 帽子 は な かっ た 。,it was &apos;t that that that that that &apos;t . . _EOS,22.170647099229875,0.25,0.2727272727272727
397,it happened that the day was my birthday .,たまたま その 日 は 私 の 誕生 日 で し た 。,the boy took the plan . . _EOS,94.23776855378856,0.25,0.2222222222222222
398,i &apos;d like to pay by check .,小切手 で 支払 い た い の で す が 。,i &apos;d like a my my . . _EOS,10.691201773274258,0.4444444444444444,0.5
399,travel agencies &apos; profits soared .,旅行 会社 の 収益 が 急増 し た 。,the _UNK _UNK _UNK a the the . . _EOS,50.55339221730815,0.1,0.16666666666666666
400,the allusion was not lost on me .,何 の こと を い っ て い る の か 私 に は ピン と き た 。,i found what to what to what for the the . . _EOS,187.4106745899699,0.15384615384615385,0.25
401,aren &apos;t you going to get mr tate ?,テイト 氏 を つれ て き て いただけ ま せ ん か 。,can you have the the the _UNK ? ? _EOS,21.061113468383294,0.2,0.2222222222222222
402,there are innumerable stars in the galaxy .,銀河 系 に は 無数 の 星 が あ る 。,there are _UNK _UNK in in the the . . _EOS,11.148217650701334,0.45454545454545453,0.625
403,"having been to the temple before , i know the way .",以前 に その 寺 へ 行 っ た こと が あ る の で 、 私 は 道 を 知 っ て い る 。,"the that that that that , , i the the the the . . _EOS",35.605195250198044,0.3333333333333333,0.4166666666666667
404,"&quot; done ! &quot; says the angel , and disappears in a cloud of smoke and a bolt of lightning .",「 あっぱれ ！ 」 天使 は そう い う と 、 稲妻 が 走 る もやもや の 煙 の 中 へ 消え て い っ た 。,"the _UNK , the , , , &quot; &quot; &quot; &quot; &quot; &quot; &quot; &quot; &quot; . . _EOS",40.81731728307471,0.2631578947368421,0.23809523809523808
405,no need to worry .,悪 い ところ は あ り ま せ ん 。,there is no be be _UNK . _EOS,121.81052851408684,0.25,0.4
406,i can not get enough sleep any more .,最近 私 は よく 眠れ な い 。,i cannot not to to . _EOS,46.88764833228048,0.42857142857142855,0.3333333333333333
407,bring it to me .,それ を 私 の ところ に 持 っ て 来 なさ い 。,please me to me . _EOS,3.395593299782,0.5,0.6
408,bird watching is a nice hobby .,野鳥 観察 は すばらし い 趣味 で す 。,_UNK is is a _UNK _UNK _UNK _UNK . _EOS,137.69246554428761,0.3,0.42857142857142855
409,it snowed from monday to friday .,雪 は 月曜 から 金曜 まで 降 っ た 。,the _UNK _UNK for the the . . _EOS,48.268495309203686,0.1111111111111111,0.14285714285714285
410,he acquainted her with his plan .,彼 は 彼女 に 自分 の 計画 を 知 ら せ た 。,he had her her her her . . _EOS,16.694990059633593,0.3333333333333333,0.42857142857142855
411,he will stay in tokyo for several weeks .,彼 は 数 週間 東京 に 滞在 する だ ろ う 。,he will be a a a a . . _EOS,19.99357477727855,0.3,0.3333333333333333
412,you have only to wait for her return .,あなた は 彼女 が 帰 っ て くる の を 待ち さえ すれ ば よ い 。,you may she more you you you you her her her . . _EOS,80.3204132517753,0.21428571428571427,0.3333333333333333
413,he says daring things .,彼 は 大胆 な こと を 言 う 。,he &apos;s a a a a . . _EOS,187.39147334797983,0.2222222222222222,0.4
414,paul is by far the most charming boy in our school .,ポール は 学校 で 飛び抜け て 魅力 の あ る 生徒 だ 。,the is is a _UNK _UNK _UNK . _EOS,114.68556597368996,0.3333333333333333,0.25
415,that &apos;s against the contract .,それ で は 契約 と 違 う 。,that will be in . . _EOS,15.299379960256497,0.2857142857142857,0.3333333333333333
416,"i &apos;ll always love you , no matter what happens .",貴方 を 愛 する こと に 変わり は な い から 。,it &apos;s &apos;t to to the _UNK . . _EOS,110.65477112630514,0.1,0.09090909090909091
417,calcium is absent from his diet .,彼 の 食事 に は カルシウム が 欠け て い る 。,his _UNK is _UNK _UNK _UNK . _EOS,33.49435428879678,0.375,0.42857142857142855
418,who knows what has become of him ?,彼 が どう な っ た か だれ が し っ て い よう か 。,what you you what what he ? ? ? _EOS,26.591662101951655,0.2,0.25
419,i cannot continue my class with you chattering to one another .,君 達 が お しゃべり を し て い て は 、 授業 が でき ま せ ん 。,you you you you you you you you you you . . _EOS,56.125397134397254,0.15384615384615385,0.16666666666666666
420,it looks like janet &apos;s going to be kicked upstairs .,ジャネット が 昇進 する みたい よ 。,"the _UNK , _UNK a _UNK _EOS",128.86590365302254,0.0,0.0
421,i have hard stools .,固 い 便 が 出 ま す 。,i have a . . _EOS,4.361273222566035,0.5,0.6
422,i heard that she came here .,彼女 が き た と 、 き い た 。,she had the she she . . . _EOS,11.161313883333387,0.2222222222222222,0.2857142857142857
423,the state government deprived the civil rights of their citizen .,州 政府 は 彼 から 市民 権 を 剥奪 し た 。,the _UNK _UNK his _UNK . _EOS,265.1796640335184,0.2857142857142857,0.18181818181818182
424,spiders spin webs .,クモ は 網 を 張 る 。,_UNK _UNK _UNK the _UNK . _EOS,17.175857009247416,0.14285714285714285,0.25
425,they are always quarreling .,彼 ら は いつ も けんか ばかり し て い た 。,they were were of of of _UNK . . _EOS,104.51029253710428,0.2,0.4
426,it is rude to stare at strangers .,じろじろ 見 る の は 無 作法 で あ る 。,it is is to to to a a . . _EOS,55.65106761711968,0.36363636363636365,0.5
427,"she &apos;s alive ! she was drowning , but her father saved her .",彼女 は 生き て い る ！ おぼれ かけ て い た ん だ が 、 父親 が 助け た ん だ 。,she was that she she she was to to i to to to . . _EOS,39.69540214786437,0.25,0.2857142857142857
428,he checked that all the doors were safely shut .,彼 は ドア が すべて 安全 に 閉ま っ て い る か どう か 確かめ た 。,he has _UNK his _UNK the _UNK . _EOS,50.356980473414545,0.3333333333333333,0.3
429,the students met here to hear the speech .,学生 たち は その 演説 を 聞 く ため に ここ に 集ま っ た 。,the we made the the the the the the the . . _EOS,76.67212656949113,0.23076923076923078,0.3333333333333333
430,he turned his attention to the picture .,彼 は その 絵 に 目 を 向け た 。,he took the the his the the . _EOS,12.314774180182571,0.4444444444444444,0.5
431,what time do you get up every morning ?,あなた は 毎朝 何 時 に 起き ま す か 。,what you you you your for ? ? _EOS,13.437786628334303,0.3333333333333333,0.3333333333333333
432,i have a suspicious nature .,私 は 疑い 深 い 性格 で す 。,i &apos;m to to a a . . _EOS,46.512184493523705,0.3333333333333333,0.5
433,jim has a white hat on his head .,ジム は 白 い 帽子 を かぶ っ て い る 。,has has has has to a . . _EOS,35.407132862955464,0.3333333333333333,0.3333333333333333
434,the two ladies smiled at each other .,２人 の 女性 は お 互い 微笑み あ っ た 。,the were were were _UNK _UNK . . _EOS,60.10735389025694,0.2222222222222222,0.25
435,aren &apos;t you ready ?,準備 は まだ 出来 て い ま せ ん か 。,can you you you you ? _EOS,17.518395270068382,0.2857142857142857,0.4
436,he didn &apos;t have a grain of courage .,彼 は 勇気 の かけら も な かっ た 。,he was his his his his . . _EOS,24.945023116603263,0.2222222222222222,0.2222222222222222
437,i can &apos;t fancy going out in this weather .,この 天気 に 外出 する など 想像 も でき な い 。,i can &apos;t this this this this this . _EOS,15.770424920197001,0.5,0.5
438,the oil companies increased the price of gas again .,石油 会社 は 再び ガソリン の 価格 を 上げ た 。,_UNK _UNK _UNK the _UNK the the . . _EOS,96.21691840149819,0.3,0.3
439,he is ignorant of the world .,彼 は 世界 を 知 ら な い 。,he must not know to his . _EOS,21.539007589723827,0.25,0.2857142857142857
440,"&quot; get rid of it , of course ! &quot; answered the farmer .",「 もちろん 、 捨て て く れ 」 と 農家 が 答え ま し た 。,"&quot; &quot; _UNK , &quot; &quot; &quot; . . _EOS",46.49526248887635,0.4,0.2857142857142857
441,have you finished your lunch yet ?,あなた は もう 昼食 を おえ ま し た か 。,did you you your ? ? _EOS,11.55452875215349,0.42857142857142855,0.42857142857142855
442,concert tickets are on sale at this office .,演奏 会 の 切符 は 当 事務 所 で 販売 し て い ま す 。,the _UNK are the the the the the the . . _EOS,125.7674965537181,0.16666666666666666,0.2222222222222222
443,make sure that all of you arrive at nine .,皆 さん 間違い な く ９ 時 に 着 く よう に し て くださ い 。,please _UNK _UNK the the the . . _EOS,70.16136838843653,0.1111111111111111,0.1
444,do you believe in god ?,君 は 神 の 存在 を 信 じ ま す か 。,do you you a a ? ? _EOS,12.35130319508008,0.375,0.5
445,both of them are kind and honest .,彼 ら は 二人 とも 親切 で 正直 で す 。,they are are in in school school . _EOS,44.37381759383693,0.2222222222222222,0.25
446,you have a standing invitation to join us .,いつ お い で くださ っ て も 歓迎 いた し ま す 。,i &apos;m i i you you you you . . _EOS,204.28461993725023,0.18181818181818182,0.2222222222222222
447,the jet made a whining sound as it soared overhead .,上空 を ジェット 機 が キーン と い う 音 を 立て て 飛 ん で い っ た 。,the _UNK _UNK _UNK _UNK _UNK . _EOS,26.34910718678247,0.25,0.18181818181818182
448,where can i get some help ?,どこ に 行 っ た ら 助け て もらえ ま す か 。,where you you you home ? _EOS,9.701706727266567,0.2857142857142857,0.2857142857142857
449,but you don &apos;t want to bend the knees too much .,しかし 君 は あまり 膝 を 曲げ た く な い で しょ う 。,you you &apos;t have you you i have . . . _EOS,42.68437241913766,0.25,0.25
450,his success encouraged me very much .,彼 の 成功 は 大いに 私 の 励み に な っ た 。,his _UNK was his _UNK _UNK _UNK . _EOS,26.342085838257592,0.2222222222222222,0.2857142857142857
451,take the skin off before you eat the apple .,リンゴ を 食べ る 前 に 皮 を む き なさ い 。,you have to to a to a . . _EOS,41.48673148618111,0.2,0.2
452,is it necessary to change trains along the way ?,途中 で 乗り換え が 必要 で す か 。,who you the the in ? ? _EOS,136.53272982556857,0.25,0.2
453,fortunately i was able to finish my work without any serious errors .,幸い 大過 な く 仕事 を 終わ ら せ る こと が でき た 。,i _UNK not a a _UNK the . . _EOS,137.449343587224,0.2,0.15384615384615385
454,the roses are in bloom .,バラ が 咲 い て い る 。,the are is _UNK _UNK . _EOS,9.374522079335703,0.42857142857142855,0.5
455,i had never seen such an exciting rugby match as one i saw yesterday .,私 は 昨日 見 た 試合 ほど おもしろ い ラグビー の 試合 を 見 た こと が な かっ た 。,i was i _UNK _UNK the was was was was . . . _EOS,45.404000673621766,0.21428571428571427,0.2
456,the house was raided by the police .,その 家 は 警察 の 手入れ を うけ た 。,the _UNK _UNK the the the the _UNK . _EOS,12.88304333165553,0.3,0.375
457,he was borne away by an impulse .,彼 は 衝動 に 駆 ら れ た 。,he was _UNK in _UNK . _EOS,8.822716660029418,0.42857142857142855,0.375
458,yesterday mary gave me a book the cover of which was blue .,昨日 メアリー は 表紙 が 青 い 本 を くれ た 。,i _UNK a yesterday yesterday yesterday . _EOS,124.52193895759812,0.375,0.23076923076923078
459,i &apos;m constantly telling her to behave herself .,彼女 に 御 行儀 よ く し なさ い と いつ も 言 っ て い る 。,she may not to her you her . _EOS,47.825034763612365,0.3333333333333333,0.3333333333333333
460,"if you hold on a moment , i will get jane on the phone .",少し 待 っ て くれ た ら 、 ジェーン を 電話 に 出 さ せ ま す 。,"i will a a a , , , a a a a a the the . . _EOS",29.740034412193857,0.3333333333333333,0.4
461,i meet her on occasion at a beauty shop .,彼女 と は ときおり 美容 院 で 会 い ま す 。,she is _UNK _UNK _UNK _UNK _UNK _UNK . _EOS,53.8748766603038,0.1,0.1
462,however the protagonist is aware of his own mistakes .,しかし 、 主人 公 は 自ら の 誤り に 気づ い て い る 。,"the is , , a are in the _UNK . _EOS",56.4836894065355,0.2727272727272727,0.3
463,i cannot abide his manner .,私 は 彼 の 態度 に 我慢 でき な い 。,i cannot him him him . _EOS,15.95230384226434,0.42857142857142855,0.5
464,"he is the kind of man who cannot do anything in moderation , but always goes to extremes .",彼 は 何事 も 程々 と い う 事 を 知 ら ず 、 いつ も 極端 に 走 っ て しま う 。,he will a a he will be a _UNK _UNK _UNK _UNK _UNK . _EOS,54.01380402441133,0.13333333333333333,0.10526315789473684
465,you must be careful in crossing the road .,道路 を 横断 する とき に は 注意 し なさ い 。,when your to to to to a school school . _EOS,99.47319971475856,0.09090909090909091,0.1111111111111111
466,mind your own business !,自分 の こと だけ 気 に かけ ろ ！,you you me me . _EOS,71.91456702590236,0.0,0.0
467,my friend wants a car of his own .,友人 は マイ カー を 欲し が っ て い る 。,the has has in in in in in . . _EOS,44.78909568856735,0.09090909090909091,0.1111111111111111
468,she gave a pluck at my elbow .,彼女 は 私 の ひじ を 引っ張 っ た 。,she _UNK my my me . _EOS,20.985767211385625,0.42857142857142855,0.375
469,i will stand by you whatever happens .,何 が 起こ ろ う と も 、 私 は あなた の 味方 を する 。,"i am all , , , , . . . _EOS",49.779827256561944,0.18181818181818182,0.25
470,will you have some coffee ?,コーヒー を 飲 み ま す か 。,do you a a ? ? _EOS,4.645621615879292,0.2857142857142857,0.3333333333333333
471,i understand how you feel .,気持ち を 御 察し し ま す 。,i will the the the the . . _EOS,105.84073983195404,0.2222222222222222,0.3333333333333333
472,they say we &apos;re going to get some showers .,にわか 雨 に な る らし い で す よ 。,you &apos;ll it it you it it it . . _EOS,36.66023437039959,0.09090909090909091,0.1
473,"whatever you &apos;re doing , starting off on the right foot is essential .",何事 も 最初 が 肝心 だ よ な 。,it &apos;s &apos;t _UNK the the the the the the . _EOS,79.48295304348753,0.16666666666666666,0.14285714285714285
474,the word lends itself to misuse by beginners .,その 語 は 誤用 さ れ やす い 。,the is is _UNK _UNK _UNK _UNK . _EOS,22.32130116464356,0.2222222222222222,0.2222222222222222
475,they built the ship in accordance with the plans .,彼 ら は 設計 図 どおり に 船 を 作 っ た 。,they _UNK a the _UNK _UNK _UNK . _EOS,28.49258422248432,0.3333333333333333,0.3
476,i saw her just the other day .,ほんの ２、３ 日 前 に 彼女 に 会 っ た 。,i went to at at at there on the . . _EOS,76.15638620630831,0.25,0.375
477,which gate is that ?,それ は どの ゲート で す か 。,how it it it you ? ? _EOS,61.224705440201795,0.125,0.2
478,i will give up drinking at any cost .,私 は 何 と し て も 酒 を 止め る つもり で す 。,i will have to to to _UNK . _EOS,47.53985806231447,0.3333333333333333,0.3333333333333333
479,do you offer any night tours ?,夜 の ツアー は あ り ま す か 。,is there a _UNK _UNK ? ? _EOS,17.369302020486987,0.125,0.14285714285714285
480,you &apos;re old enough to know better .,もっと 分別 が あ っ て も い い 年頃 だ よ 。,"you &apos;s the , i a in in . . . _EOS",47.44082061539173,0.16666666666666666,0.25
481,take a no . 5 bus at this bus stop .,この 停留 所 から ５ 番 目 の バス に 乗り なさ い 。,put this to the the the the the house . . _EOS,56.60223824549013,0.25,0.2727272727272727
482,it seemed that he was short of money .,彼 に は お 金 が 足り な い よう だっ た 。,he was no money money money money money . _EOS,31.065182986961297,0.4,0.4444444444444444
483,does he need to help her ?,彼 は 彼女 を 援助 し て や る 必要 が あ り ま す か 。,do he have a her her her her ? _EOS,35.663069900927695,0.3,0.42857142857142855
484,it &apos;s only a slight cold .,軽 い 風邪 で す 。,it &apos;s a _UNK . . _EOS,17.26592090309894,0.5714285714285714,0.5714285714285714
485,the whole soccer team was on cloud nine after winning the championship .,サッカー チーム 全体 が 優勝 し て 浮き浮き し て た 。,"the , the the , the the the . . _EOS",86.93701399111886,0.2727272727272727,0.23076923076923078
486,how do you like this town ?,この 町 は 気 に 入 り ま し た か 。,how did this this this this ? ? _EOS,10.093776750447637,0.3333333333333333,0.42857142857142855
487,winter is gone .,冬 は 過ぎ去 っ た 。,the was was _UNK . _EOS,1026.160237547223,0.16666666666666666,0.25
488,i cannot manage without his support .,彼 の 助け 無し に は 、 や っ て いけ な い 。,i &apos;t &apos;t his his his his . _EOS,20.442744458529276,0.3333333333333333,0.42857142857142855
489,"this hall holds a maximum of 1,000 people .",この ホール は 最大 で １０００ 人 収容 でき る 。,this can can _UNK _UNK _UNK _UNK . . _EOS,34.0072554688657,0.2,0.2222222222222222
490,what was the weather report ?,天気 予報 は どう で し た か 。,how did you have ? ? _EOS,19.711143381961147,0.14285714285714285,0.16666666666666666
491,time after time i &apos;ve invited them to come over and visit us but time and time again they &apos;ve never come .,再三 彼 ら を 招待 し た が 決して こ な かっ た 。,i had &apos;t _UNK to to _UNK _UNK . _EOS,813.9307293544612,0.3,0.13043478260869565
492,everyone recognized his skill .,誰 も が 彼 の 技術 を 認め た 。,he _UNK his his his . . _EOS,199.3116799311722,0.25,0.4
493,you &apos;ll go to school tomorrow .,貴方 は 、 明日 学校 に 行 く だ ろ う 。,the will will come to tomorrow tomorrow . _EOS,17.219192543369875,0.3333333333333333,0.42857142857142855
494,this data is immaterial to the argument .,この データ は その 議論 に と っ て 重要 だ 。,this is is to to to the the . _EOS,32.60980880815076,0.5,0.625
495,do you see her often ?,彼女 と は よく 会 い ま す か 。,do you her her her ? ? _EOS,9.64841501395342,0.5,0.6666666666666666
496,they are faced with a serious situation .,彼 ら は 容易 な ら ぬ 事態 に 直面 し て い る 。,they are in in the their . _EOS,12.946283656449175,0.375,0.375
497,much time was wasted .,多く の 時間 が 無駄 に な っ た 。,i got a a in in . . _EOS,155.37917571030107,0.1111111111111111,0.2
498,whatever i have is yours .,僕 の もの は 全て 君 の 物 だ 。,my is is . . _EOS,91.20089995383445,0.3333333333333333,0.3333333333333333
499,i like my steak medium .,ステーキ は 中位 で 焼 い て くださ い 。,i like like the . . _EOS,12.62933964124974,0.42857142857142855,0.5
